Date,Open,High,Low,Close,Volume
2014-01-02,6.89045,7.25009,6.83222,7.25009,1880453.6126182
2014-01-03,7.30844,7.31802,7.0266,7.07507,1536718.5923878
2014-01-06,7.14319,7.36679,7.0266,7.11396,1463997.7789342
2014-01-07,7.07507,7.18209,6.89045,7.16263,1353076.5320422
2014-01-08,7.08484,7.20143,6.91968,7.06539,1448524.9421509
2014-01-09,7.0946,7.0946,6.85146,6.86133,998713.62287382
2014-01-10,6.9877,7.37636,6.95868,7.35701,1662998.212524
2014-01-13,7.36679,7.66799,7.20143,7.5125,1939726.47968
2014-01-14,7.49295,7.82347,7.24033,7.28899,2416604.8805732
2014-01-15,7.28899,7.53185,7.11396,7.48338,1309860.9748781
2014-01-16,7.55139,7.70688,7.5125,7.55139,1104789.9219206
2014-01-17,7.67776,8.09555,7.59997,7.93029,2653368.1524791
2014-01-21,7.94016,8.20256,7.69711,8.10532,2690466.4944986
2014-01-22,8.06633,8.19279,7.91095,7.96929,1195133.0556045
2014-01-23,8.12467,8.38717,8.10532,8.12467,1341963.4392535
2014-01-24,8.22192,8.31915,7.62909,7.86246,1923426.0613812
2014-01-27,7.79436,7.84282,7.37636,7.39591,1893484.2229211
2014-01-28,7.39591,7.68734,7.33766,7.64854,1091824.1405245
2014-01-29,7.83335,7.92061,7.50273,7.8526,1626058.9039168
2014-01-30,7.59997,7.74578,7.52218,7.72624,995206.78418686
2014-01-31,7.83335,7.86246,7.42504,7.60965,1377052.0851566
2014-02-03,7.64854,7.84282,7.44448,7.4736,1167830.9692007
2014-02-04,7.30844,7.42504,7.01682,7.34714,2536507.9699368
2014-02-05,7.58052,7.96929,7.54162,7.80412,2303172.5264875
2014-02-06,7.84282,8.26081,7.84282,8.04697,1819137.6220347
2014-02-07,8.19279,8.9022,8.10532,8.85373,3064707.56727
2014-02-10,8.96054,9.27122,8.9022,9.07723,2008574.7788932
2014-02-11,9.1646,9.54339,9.11603,9.26174,2318842.8888467
2014-02-12,9.28099,9.4654,8.96054,9.07723,2385916.4967313
2014-02-13,9.05758,9.65593,9.00922,9.59275,1969257.0597613
2014-02-14,10.1159,10.2247,9.82475,10.04,3231472.8398156
2014-02-18,10.185,10.428,9.94325,10.04,2106240.5402109
2014-02-19,9.92343,10.1258,9.54339,9.60263,2596054.3339499
2014-02-20,9.6125,10.1752,9.49503,10.1455,2018279.8688586
2014-02-21,10.1752,10.575,9.95308,10.195,2230868.0361708
2014-02-24,10.3401,10.6748,10.2927,10.4565,1875347.3232418
2014-02-25,10.4083,10.4714,10.0488,10.2444,1871578.1300719
2014-02-26,10.1752,10.3401,10.0488,10.2247,2031252.7409164
2014-02-27,10.2049,10.5059,10.0488,10.1653,1955715.9218158
2014-02-28,9.93334,10.1703,9.86424,10.0212,2097853.3003704
2014-03-03,10.2828,10.5158,10.2049,10.3312,1777689.6655375
2014-03-04,10.195,10.4467,10.0163,10.3687,1282051.3996868
2014-03-05,10.3983,10.6796,10.3589,10.575,1361424.2667676
2014-03-06,10.6214,10.8565,10.6047,10.7982,1749636.981945
2014-03-07,10.6116,10.729,10.4862,10.6314,1325909.1682108
2014-03-10,10.6116,10.6116,10.2828,10.4467,1283286.1877745
2014-03-11,10.5158,10.6796,10.2444,10.2828,1886877.7521193
2014-03-12,10.3786,10.6609,10.3687,10.6314,1643480.6597162
2014-03-13,10.5849,11.0301,10.5355,11.0203,1669443.6240102
2014-03-14,11.119,11.3608,10.9718,11.2444,1840560.5369367
2014-03-17,11.5168,11.8673,11.0449,11.0598,5336297.2735896
2014-03-18,10.8662,11.5849,10.5454,11.3708,2426396.0714305
2014-03-19,11.195,11.3608,10.9621,10.9907,2266624.2172256
2014-03-20,10.8565,11.1872,10.7192,11.0203,1935563.2483099
2014-03-21,11.2246,11.3511,10.6994,10.8366,12038412.998298
2014-03-24,10.575,10.6796,9.97189,10.0765,2764748.2664783
2014-03-25,10.1455,10.3836,10.0666,10.2641,1227598.1566783
2014-03-26,10.2541,10.3687,9.45553,9.6125,2274093.7228517
2014-03-27,9.52365,9.90373,9.33874,9.79513,2326630.4612977
2014-03-28,9.74677,10.19,9.64113,9.93334,1245810.0147815
2014-03-31,9.92343,9.97189,9.57301,9.651,1096191.9881323
2014-04-01,9.67075,10.0301,9.6125,9.71912,1371949.847587
2014-04-02,9.87411,10.0962,9.81489,10.04,1330939.4862118
2014-04-03,9.98164,10.0015,9.67075,9.86424,974569.91978196
2014-04-04,10.1061,10.3322,9.96194,10.1455,1150342.358591
2014-04-07,10.1061,10.5642,10.0242,10.1258,1361585.3260835
2014-04-08,10.3687,10.6314,10.2147,10.5602,1429580.7199892
2014-04-09,10.4762,10.8565,10.2828,10.6896,983291.43367418
2014-04-10,10.7488,10.8465,10.2344,10.2927,1374319.1415468
2014-04-11,10.2828,10.3687,9.82475,9.95308,1183747.4788161
2014-04-14,10.0015,10.2444,9.88399,10.1061,955286.3588103
2014-04-15,9.729,9.74677,9.28099,9.63125,1500841.8700841
2014-04-16,9.67075,9.6895,9.41802,9.54339,679881.00653733
2014-04-17,9.50489,9.64113,9.30094,9.32888,1006590.3350719
2014-04-21,9.30982,9.36847,8.92165,9.23262,903433.36274266
2014-04-22,9.21327,9.44664,9.06747,9.4279,1307059.1505546
2014-04-23,9.40814,9.85437,9.26174,9.64113,999896.75042621
2014-04-24,9.51378,9.73689,9.32888,9.33874,991828.59036217
2014-04-25,9.44664,9.7665,9.40814,9.6895,909012.70054966
2014-04-28,9.67964,9.71912,9.26076,9.3191,1305197.3453822
2014-04-29,9.33874,9.77638,9.32888,9.67075,965589.09026183
2014-04-30,9.59275,9.7665,9.3884,9.63125,834379.4343401
2014-05-01,9.51378,9.74677,9.40814,9.54339,661029.97592942
2014-05-02,9.60263,10.04,9.54339,9.90373,1504015.4476711
2014-05-05,10.0212,10.1061,9.75664,9.79513,715090.1936894
2014-05-06,9.82475,9.91362,9.58289,9.62928,610341.87428409
2014-05-07,9.56315,9.63125,9.14515,9.22295,1013188.7022606
2014-05-08,9.19383,9.34872,9.08681,9.12571,634796.55353911
2014-05-09,8.97032,9.10637,8.01775,8.18292,1909673.2165363
2014-05-12,8.24126,8.29586,7.61951,7.64854,2167241.5028246
2014-05-13,7.59997,7.80412,7.57075,7.68734,1055676.9601246
2014-05-14,7.80412,8.03721,7.72624,7.93029,1513541.2451906
2014-05-15,7.84282,7.84282,7.5125,7.53185,1292950.759673
2014-05-16,7.49295,7.5125,7.28899,7.50273,765310.31166247
2014-05-19,7.58052,7.65821,7.45436,7.65821,641670.44358238
2014-05-20,7.57075,7.65821,7.45436,7.5125,796510.23609848
2014-05-21,7.36679,7.37636,7.05572,7.30844,1323571.2757528
2014-05-22,7.38614,7.4346,7.20143,7.31802,693148.64753153
2014-05-23,7.31802,7.31802,7.05572,7.14319,877169.55180221
2014-05-27,7.0266,7.04594,6.52114,6.53092,2202269.3716274
2014-05-28,6.53092,6.56004,6.28796,6.49202,1945220.7295466
2014-05-29,6.48225,6.58916,6.34641,6.35578,1815739.1691766
2014-05-30,6.40464,6.40464,6.19951,6.35578,1225677.600309
2014-06-02,6.30741,6.40464,6.13247,6.23938,1280853.0778594
2014-06-03,6.22962,6.32192,6.10336,6.23938,767112.35268619
2014-06-04,6.22962,6.43377,6.19062,6.36565,820148.47630622
2014-06-05,6.42399,6.84199,6.41433,6.74464,1524998.7415477
2014-06-06,6.73497,6.73497,6.54069,6.57948,990262.56707792
2014-06-09,6.60861,6.73497,6.58916,6.59903,692392.98558454
2014-06-10,6.66694,7.01682,6.66694,6.99748,1066501.3616869
2014-06-11,7.0266,7.35701,7.00704,7.32779,1266172.3692834
2014-06-12,7.37636,7.69711,7.32779,7.58052,1708439.2245106
2014-06-13,7.54162,7.78457,7.30844,7.736,1534905.4088957
2014-06-16,7.94974,7.94974,7.39591,7.46383,1374744.5812489
2014-06-17,7.34714,7.59997,7.0946,7.44448,1502405.867465
2014-06-18,7.40549,7.69711,7.40549,7.67776,1427376.5371519
2014-06-19,7.92061,8.28992,7.8138,8.22192,2687426.6265322
2014-06-20,8.20256,8.25103,7.90116,8.12467,3378136.0864387
2014-06-23,8.10532,8.42597,8.01785,8.35805,1221791.9176969
2014-06-24,8.42597,8.82451,8.08587,8.10532,1839584.0515253
2014-06-25,8.08587,8.27048,7.95951,8.19279,1263227.7187741
2014-06-26,8.09555,8.26081,7.99841,8.22192,1027955.5117286
2014-06-27,8.22192,8.3774,7.94016,8.16366,1251556.4896143
2014-06-30,7.99841,8.46497,7.91095,8.4163,1164905.5647733
2014-07-01,8.42597,8.58156,8.29971,8.33841,871145.52821139
2014-07-02,8.28992,8.67861,8.26081,8.44542,1088428.7265214
2014-07-03,8.31915,8.53288,8.17344,8.50366,690426.84639003
2014-07-07,8.4163,8.57178,8.36763,8.44542,797147.3826999
2014-07-08,8.55243,8.71759,8.3774,8.61068,1601250.7045285
2014-07-09,8.66892,9.07723,8.53288,8.95078,2271485.3722975
2014-07-10,9.37824,9.41802,8.55243,8.56201,2510988.678475
2014-07-11,8.59122,8.94011,8.43584,8.93142,1396603.0653696
2014-07-14,8.58156,8.89253,8.50366,8.63022,1203661.0957274
2014-07-15,8.89253,8.97999,8.34334,8.35805,2064418.8045469
2014-07-16,8.43584,8.69814,8.43584,8.58156,1562390.8395521
2014-07-17,8.66892,9.54339,8.61068,9.40814,4463632.3178708
2014-07-18,9.37824,9.3884,9.01888,9.21327,1793750.0142901
2014-07-21,9.30094,9.40814,8.85847,9.13548,1759131.3779627
2014-07-22,9.05758,9.12571,8.87308,8.92165,1176182.7557329
2014-07-23,8.92165,9.12571,8.68353,8.72737,1427577.1015828
2014-07-24,8.63022,8.64948,8.42597,8.52322,1375277.3938281
2014-07-25,8.51353,9.00922,8.47463,8.99934,1280082.2216373
2014-07-28,8.89253,9.30094,8.88286,9.26174,1317735.6611729
2014-07-29,9.27122,9.34872,9.09658,9.18415,874176.27961273
2014-07-30,9.07723,9.134,8.86321,9.07723,1021672.17251
2014-07-31,8.94109,9.03834,8.82451,8.92165,1050523.0620196
2014-08-01,8.99934,9.14515,8.62035,8.79519,1587490.7690218
2014-08-04,8.74671,8.79519,8.13454,8.20256,1981013.3768615
2014-08-05,8.13454,8.39685,8.02753,8.38717,1493064.4271498
2014-08-06,8.56201,8.88286,8.50366,8.70772,1619243.7650705
2014-08-07,8.77593,9.08681,8.40652,9.04801,1736406.8201625
2014-08-08,9.08681,9.44664,8.98977,9.21327,1806992.3314926
2014-08-11,9.28099,9.60362,9.28099,9.49503,1541180.6445011
2014-08-12,9.52365,9.82475,9.37044,9.4654,1723017.6249678
2014-08-13,9.44664,9.61942,9.26174,9.39828,1018445.921436
2014-08-14,9.40814,9.52365,9.12571,9.1646,950121.31823696
2014-08-15,8.93142,9.26174,8.84396,9.18415,1113223.7575381
2014-08-18,9.08207,9.34872,9.03834,9.34369,982937.9135408
2014-08-19,9.33874,9.35858,9.00922,9.13548,772833.50372722
2014-08-20,9.19383,9.28584,9.01888,9.13548,779086.45439582
2014-08-21,8.91198,9.01888,8.66892,8.81483,1603394.1102655
2014-08-22,8.82451,8.88286,8.66892,8.83409,846721.2375065
2014-08-25,8.79519,8.82451,8.54266,8.54266,958438.66441222
2014-08-26,8.67861,8.97999,8.62035,8.97032,1172470.2878565
2014-08-27,8.95078,9.10637,8.9021,8.95078,678852.86059068
2014-08-28,9.06747,9.12571,8.97999,9.06747,635746.70220704
2014-08-29,8.99934,9.26174,8.93142,9.10637,798051.94854261
2014-09-02,8.94109,8.95078,8.70772,8.75155,922001.7798342
2014-09-03,8.77593,8.81483,8.52322,8.52322,1336222.029179
2014-09-04,8.57178,8.62035,7.7749,7.80412,2732046.1347133
2014-09-05,7.83335,8.02763,7.60965,7.8526,1820368.3583158
2014-09-08,7.57075,7.77402,7.4346,7.46383,1277671.3966589
2014-09-09,7.35701,7.53185,6.87111,7.38614,2649422.7057183
2014-09-10,7.23055,7.46383,7.18209,7.28899,1197743.4320621
2014-09-11,7.29868,7.56107,7.12383,7.54162,1492634.9356411
2014-09-12,7.5125,7.57075,7.26945,7.28899,1077914.2881705
2014-09-15,7.28899,7.35701,7.12383,7.2112,826176.55170374
2014-09-16,7.2112,7.38614,7.06539,7.26945,1091249.7969267
2014-09-17,7.27932,7.27932,6.92945,6.99748,1823758.7075604
2014-09-18,6.97792,6.97792,6.77377,6.77377,1756190.7792601
2014-09-19,6.76419,6.90981,6.28796,6.28796,9367775.0327705
2014-09-22,6.34641,6.34641,5.98667,6.13247,2511409.0534187
2014-09-23,6.21984,6.52114,6.21984,6.44344,1652421.9841211
2014-09-24,6.41423,6.43022,6.1227,6.24906,1696124.7710393
2014-09-25,6.13247,6.42399,6.1227,6.39477,1357126.3128251
2014-09-26,6.36565,6.44344,6.22962,6.27828,1160094.0443333
2014-09-29,6.28796,6.45313,6.15182,6.17127,999013.4565686
2014-09-30,6.11303,6.21016,5.86998,5.92832,1984899.0594737
2014-10-01,5.99633,6.08391,5.83098,5.86998,1896802.6525973
2014-10-02,5.92832,5.93808,5.62712,5.74371,1545534.3107854
2014-10-03,5.62712,5.62712,5.3354,5.3354,2175502.1237062
2014-10-06,5.44251,5.50066,5.25771,5.47154,1848715.8108445
2014-10-07,5.52988,5.52988,5.0731,5.13144,2198325.95077
2014-10-08,5.27715,5.7826,4.9953,5.75338,4669943.2236745
2014-10-09,5.79238,5.8216,5.31605,5.44251,3428449.3959655
2014-10-10,5.43274,5.74371,5.17991,5.34517,2124739.0636372
2014-10-13,5.43274,5.53955,5.2967,5.32591,2188120.4626789
2014-10-14,5.40351,5.65625,5.3743,5.49098,2876246.8958229
2014-10-15,5.42296,5.7145,5.38417,5.58329,3045806.9020301
2014-10-16,5.50066,5.8991,5.46186,5.6756,2195928.2941634
2014-10-17,5.73403,5.73403,5.38417,5.40351,2505105.4551666
2014-10-20,5.68537,5.68537,5.42296,5.55901,1466579.792745
2014-10-21,5.7145,5.77283,5.53955,5.57855,2137508.332409
2014-10-22,5.49098,5.52011,5.24803,5.25771,1924413.6892609
2014-10-23,5.20913,5.28692,5.00508,5.22859,3672864.5047986
2014-10-24,5.20913,5.28692,5.0731,5.13144,1304250.2355692
2014-10-27,5.0731,5.14102,4.96618,5.11199,1121342.5651857
2014-10-28,5.17991,5.4133,5.11199,5.4133,1512047.141475
2014-10-29,5.32591,5.44251,4.9953,5.0731,2658743.8870001
2014-10-30,5.06342,5.15079,4.66498,4.66498,3510661.5665817
2014-10-31,4.41225,4.52885,4.17898,4.24709,6134267.1730468
2014-11-03,4.29557,4.56774,4.14985,4.55807,2163252.499142
2014-11-04,4.49963,4.51927,4.1303,4.14985,2746763.3095494
2014-11-05,3.93602,4.12063,3.80976,3.81933,3275151.3158936
2014-11-06,3.88745,4.41225,3.86801,4.19842,3794311.3325096
2014-11-07,4.31502,5.09254,4.31502,5.05374,4639994.2945528
2014-11-10,5.0731,5.10232,4.52885,4.60674,2916161.2434894
2014-11-11,4.64554,5.02452,4.64554,4.92729,2850676.9567773
2014-11-12,4.97595,5.17034,4.64554,4.80102,2901847.2234184
2014-11-13,4.85936,4.94684,4.59686,4.6551,2313774.0786822
2014-11-14,4.52885,5.18969,4.38303,5.10232,3547625.186029
2014-11-17,5.05374,5.3348,4.96618,5.27715,2491277.6518979
2014-11-18,5.35504,5.74371,5.34517,5.70481,3646718.196252
2014-11-19,5.62712,5.74371,5.25771,5.28692,5028078.3648678
2014-11-20,5.43274,5.77283,5.26757,5.64647,3193650.2373508
2014-11-21,5.8216,5.95744,5.54932,5.66591,3801678.5300171
2014-11-24,5.58822,5.77283,5.44251,5.56868,2123902.3655564
2014-11-25,5.51042,5.93808,5.51042,5.8991,2666375.4648937
2014-11-26,5.8602,5.8991,5.6756,5.70481,1575623.0272378
2014-11-28,5.34517,5.35504,5.02452,5.04387,1618719.0561047
2014-12-01,5.13144,5.58822,5.05374,5.55901,3221812.3197237
2014-12-02,5.30617,5.60767,5.18969,5.22859,3621391.3656076
2014-12-03,5.34517,5.77293,5.3354,5.6367,3456492.962993
2014-12-04,5.66591,5.75338,5.30617,5.3354,2302566.7813878
2014-12-05,5.19946,5.52988,5.08286,5.27715,2744098.2337016
2014-12-08,5.32591,5.46186,4.97595,5.35504,4186813.898016
2014-12-09,5.57855,5.72426,5.44251,5.57855,3672064.2729779
2014-12-10,5.55901,5.81173,5.36461,5.4133,3250157.7463492
2014-12-11,5.3354,5.52011,5.18969,5.21881,3553428.3861554
2014-12-12,5.21881,5.40351,5.01475,5.14102,2865104.4274355
2014-12-15,5.02452,5.09254,4.29557,4.36368,7718591.4551434
2014-12-16,4.50939,4.59686,4.12073,4.14018,3548936.9584436
2014-12-17,4.15953,4.44137,4.04284,4.42193,4568285.4198191
2014-12-18,4.57751,4.72323,4.42193,4.68433,4211436.7272486
2014-12-19,4.68433,4.96618,4.66498,4.82036,15831412.558394
2014-12-22,4.78147,4.83971,4.33456,4.34414,3801272.3363967
2014-12-23,4.38303,4.57751,4.19842,4.27622,1835144.2843488
2014-12-24,4.26644,4.60674,4.22764,4.52885,1769110.977831
2014-12-26,4.6941,4.88849,4.64554,4.76203,1758068.7916591
2014-12-29,4.76203,4.78147,4.49005,4.50456,2686736.8064439
2014-12-30,4.60674,4.95641,4.58719,4.80102,2436842.6420194
2014-12-31,4.6941,4.97112,4.67465,4.86431,1984497.9306117
2015-01-02,4.6941,5.15079,4.67465,5.13144,1909174.8443139
2015-01-05,5.18969,5.26757,4.93705,5.25771,2434856.2437915
2015-01-06,5.25771,5.74371,5.23835,5.68537,3942541.6153688
2015-01-07,5.51042,5.79238,5.3733,5.51042,3016733.1631528
2015-01-08,5.57855,5.70481,5.28199,5.35504,1785994.8562926
2015-01-09,5.44251,5.66591,5.42296,5.60767,2006832.5020181
2015-01-12,5.6756,6.26852,5.60767,6.11303,3976828.003548
2015-01-13,6.38501,6.62815,5.95744,6.1227,5069991.2661823
2015-01-14,6.17127,6.30741,5.62712,5.85072,3765894.9992671
2015-01-15,6.23938,6.36565,6.10336,6.18104,2425043.780949
2015-01-16,6.23938,6.6864,6.20049,6.44344,2907257.3982963
2015-01-20,6.69608,6.93903,6.56004,6.75453,3441675.5059412
2015-01-21,6.85146,6.95868,6.61838,6.79332,3237510.031778
2015-01-22,6.85146,6.92945,6.59903,6.61838,2616836.0504439
2015-01-23,6.46299,6.52114,6.09347,6.24906,2764845.5098386
2015-01-26,6.00611,6.43377,5.97215,6.36565,1821255.7039799
2015-01-27,6.45313,6.82233,6.39477,6.6864,2370752.6102079
2015-01-28,6.56982,6.56982,6.00611,6.07423,3204755.2265262
2015-01-29,5.8216,5.94777,5.59781,5.72426,2502930.6479277
2015-01-30,5.80186,6.09289,5.6756,5.99633,2068087.7155012
2015-02-02,5.84086,6.19072,5.79238,6.05458,1926926.8223581
2015-02-03,6.1227,6.1227,5.70481,5.81173,2718928.4105665
2015-02-04,5.87985,6.02547,5.70471,5.97688,2062493.1834192
2015-02-05,5.88942,6.00611,5.70481,5.96721,2214352.8721175
2015-02-06,5.70481,5.84086,5.53955,5.60767,2119635.8131158
2015-02-09,5.72426,5.84086,5.65625,5.68537,1358502.9141468
2015-02-10,5.65625,6.01578,5.50066,5.90897,2456397.6740391
2015-02-11,5.94777,5.98667,5.64647,5.68537,2515058.7182914
2015-02-12,5.73403,6.04995,5.73403,5.95744,2057330.1687493
2015-02-13,6.07423,6.25884,6.06436,6.07897,1984505.0212734
2015-02-17,5.83098,5.97688,5.70481,5.72426,2595334.1253115
2015-02-18,5.73403,5.8216,5.53955,5.75338,2243147.0363336
2015-02-19,5.76316,5.79238,5.54932,5.60767,2067684.560736
2015-02-20,5.59781,5.7826,5.22859,5.25771,3586262.2016377
2015-02-23,5.17034,5.20913,4.87861,4.96618,3569157.4997116
2015-02-24,4.90794,5.10232,4.88849,5.01968,1823114.4702973
2015-02-25,5.14102,5.25771,5.0342,5.21881,1482102.2641601
2015-02-26,5.2967,5.32591,5.09254,5.15079,1339431.0600745
2015-02-27,5.22859,5.26757,5.0731,5.11199,1065048.7889899
2015-03-02,5.14102,5.18969,4.89815,4.95641,1518327.4418389
2015-03-03,4.95641,5.08286,4.80102,4.81059,1919516.0679288
2015-03-04,4.84949,4.85936,4.56774,4.64554,2228820.8608427
2015-03-05,4.68433,4.71364,4.47049,4.54839,2034246.0131059
2015-03-06,4.40258,4.4317,4.28589,4.40258,2229231.1062695
2015-03-09,4.3928,4.41225,4.1303,4.18875,1990411.5424703
2015-03-10,4.15953,4.20809,4.00394,4.15953,2699464.5441972
2015-03-11,4.12063,4.29557,4.01371,4.28589,3288748.166181
2015-03-12,4.37346,4.46083,4.26644,4.31502,1942770.3994531
2015-03-13,4.37346,4.49963,4.23722,4.48027,1643963.8376636
2015-03-16,4.51927,4.6551,4.41225,4.58719,1813637.294458
2015-03-17,4.45125,4.68433,4.44137,4.50939,1233718.410678
2015-03-18,4.49963,4.78147,4.42193,4.72323,1900789.6303766
2015-03-19,4.68433,4.86894,4.62598,4.83971,1230425.3047937
2015-03-20,4.91761,5.0731,4.87861,4.96618,3430229.1520524
2015-03-23,4.97595,5.14102,4.96618,5.11199,1578521.0819701
2015-03-24,5.11199,5.14102,4.97595,5.09254,870188.28888175
2015-03-25,5.13144,5.17991,5.01475,5.02452,831704.22897548
2015-03-26,5.10232,5.18969,4.81059,4.88849,1416149.993776
2015-03-27,4.87861,4.87861,4.64554,4.70378,1745726.9884928
2015-03-30,4.60674,4.62598,4.4317,4.52885,1686663.8024269
2015-03-31,4.54839,4.54839,4.30544,4.40258,2286074.915223
2015-04-01,4.47049,4.72323,4.44137,4.67465,2007800.8838162
2015-04-02,4.66498,4.71364,4.49005,4.6551,1260676.0935134
2015-04-06,5.0342,5.04387,4.80102,4.94684,1403392.8804242
2015-04-07,4.85936,4.93705,4.76203,4.82036,1207147.675381
2015-04-08,4.83971,4.98564,4.72323,4.83971,1358119.0054634
2015-04-09,4.74278,4.98079,4.74278,4.97595,1477324.1711254
2015-04-10,5.0342,5.18969,5.01475,5.15079,1383327.320762
2015-04-13,4.90794,5.17034,4.89815,4.96618,1678741.5074035
2015-04-14,4.96618,5.09254,4.92729,4.97595,1260779.4145839
2015-04-15,5.01475,5.17043,4.98564,5.14102,1408651.1125513
2015-04-16,5.17991,5.24803,5.01475,5.08286,1774069.3762633
2015-04-17,5.15079,5.35504,5.15079,5.20913,1431894.301607
2015-04-20,5.17991,5.34517,5.05374,5.31605,1152856.5046399
2015-04-21,5.2967,5.49098,5.23835,5.45209,1587934.441854
2015-04-22,5.43274,5.50066,5.22859,5.23835,1938284.0364997
2015-04-23,5.25771,5.3743,5.15079,5.27715,1188546.843836
2015-04-24,5.21881,5.39286,5.0342,5.09254,1287112.1062381
2015-04-27,5.18969,5.52988,5.17991,5.35504,1669789.0405301
2015-04-28,5.39384,5.68537,5.39384,5.57855,1791313.86552
2015-04-29,5.55901,5.72426,5.44251,5.60767,1645506.5630593
2015-04-30,5.47154,5.47154,5.24803,5.2967,2293540.3690425
2015-05-01,5.24803,5.47154,5.19946,5.36461,845595.84819939
2015-05-04,5.51042,5.58822,5.38417,5.44251,934085.28032434
2015-05-05,5.53955,5.57855,5.32591,5.38417,955181.01183645
2015-05-06,5.40351,5.44251,5.06342,5.13144,1625881.6373744
2015-05-07,5.10232,5.15079,4.96133,5.15079,1201827.6532019
2015-05-08,5.17034,5.23835,5.0731,5.20913,796719.9170945
2015-05-11,5.21881,5.36461,5.17034,5.32591,1154385.0487123
2015-05-12,5.4133,5.42296,5.21881,5.32591,1249664.2958917
2015-05-13,5.58822,6.28796,5.52988,6.06436,5967535.3279065
2015-05-14,6.14216,6.54069,6.14216,6.33653,3595890.3072759
2015-05-15,6.29764,6.45313,6.18104,6.36565,1940623.9548611
2015-05-18,6.41423,6.51137,6.35578,6.41423,884438.4929974
2015-05-19,6.10336,6.31708,6.04599,6.18104,1612802.405391
2015-05-20,6.18104,6.26852,6.04501,6.06436,1068779.4899963
2015-05-21,6.04501,6.14216,5.98667,6.11303,1092340.745877
2015-05-22,6.09347,6.19072,5.97688,6.02547,795279.49981752
2015-05-26,5.85072,5.91865,5.69504,5.85072,2084637.3199114
2015-05-27,5.8602,5.8602,5.7145,5.83098,826559.44743559
2015-05-28,5.8216,6.03523,5.73403,5.98667,1066566.1905939
2015-05-29,6.01578,6.19072,5.99633,6.04501,823885.25502264
2015-06-01,6.10336,6.21016,6.05458,6.11303,1085376.703135
2015-06-02,6.1616,6.37553,6.13247,6.23938,1326061.1109615
2015-06-03,6.20049,6.36565,6.1616,6.22962,722737.97880976
2015-06-04,6.1227,6.39477,6.04501,6.26852,1385489.9725809
2015-06-05,6.15182,6.31708,6.10336,6.22962,968452.70463735
2015-06-08,6.26852,6.27828,6.03523,6.24906,832939.01706313
2015-06-09,6.28796,6.39477,6.15182,6.17127,880540.6549652
2015-06-10,6.33653,6.39477,6.22962,6.24906,645661.47316837
2015-06-11,6.21016,6.26852,6.10336,6.23938,882680.00889555
2015-06-12,6.18104,6.28796,6.11303,6.14216,615829.03348897
2015-06-15,6.11303,6.35578,5.96721,6.35578,1681621.3290057
2015-06-16,6.27828,6.29764,6.1227,6.24906,1040479.646196
2015-06-17,6.24906,6.48225,6.13247,6.43377,1740683.5021199
2015-06-18,6.55026,6.79332,6.54069,6.66694,2053897.2755343
2015-06-19,6.6475,6.78364,6.51137,6.6475,2264525.381362
2015-06-22,6.51137,6.75453,6.46299,6.46299,1015888.2184653
2015-06-23,6.39477,6.5941,6.36565,6.54069,1152607.3185286
2015-06-24,6.51137,6.67663,6.28796,6.28796,1947503.9226143
2015-06-25,6.30741,6.43377,6.24906,6.30741,963515.57819014
2015-06-26,6.32667,6.32667,6.02547,6.08391,1073612.2824214
2015-06-29,6.11303,6.28796,6.02547,6.03523,942524.18070019
2015-06-30,6.00611,6.22962,5.92832,6.10336,1494898.8826271
2015-07-01,6.05458,6.09347,5.54932,5.61735,1311507.0213445
2015-07-02,5.6756,5.8602,5.64647,5.83098,1262528.7821207
2015-07-06,5.76316,6.14216,5.7145,6.04501,1154282.7405934
2015-07-07,5.87985,5.87985,5.40351,5.69504,1592308.3671719
2015-07-08,5.68537,5.77283,5.53955,5.59781,1037702.1327125
2015-07-09,5.79238,6.1227,5.70481,5.85072,2079930.1334936
2015-07-10,5.85072,5.96721,5.83098,5.94777,816682.15568611
2015-07-13,5.88942,6.19072,5.74371,6.18104,1302760.1836604
2015-07-14,6.18104,6.21984,5.91865,5.92832,994931.26133219
2015-07-15,5.8602,5.92832,5.7145,5.85072,1105559.765191
2015-07-16,5.83098,6.17127,5.83098,6.09347,1031939.450653
2015-07-17,6.02547,6.04501,5.85072,5.8602,1189267.0524745
2015-07-20,5.53955,5.66591,5.20913,5.25771,3012061.4300435
2015-07-21,5.40351,5.6756,5.30617,5.45209,1474389.6501328
2015-07-22,5.26757,5.68537,5.22859,5.51042,1523162.2601672
2015-07-23,5.60767,5.62712,5.14102,5.17991,2020148.7646926
2015-07-24,5.08286,5.47154,4.89815,5.42296,2896304.3518716
2015-07-27,5.3354,5.74371,5.20913,5.22859,2101023.8391024
2015-07-28,5.31605,5.49098,5.17991,5.2967,1560719.4692939
2015-07-29,5.26757,5.76316,5.22859,5.6367,2401479.4862132
2015-07-30,5.51042,5.7145,5.36461,5.53955,1385692.5629151
2015-07-31,5.59781,5.80186,5.50066,5.58822,1443316.3446557
2015-08-03,5.53955,5.56868,5.21881,5.24803,1336912.8622191
2015-08-04,5.34517,5.60767,5.32591,5.43274,1435598.66587
2015-08-05,5.52988,5.55901,5.16056,5.17034,1423970.993632
2015-08-06,5.23835,5.39384,5.13528,5.26757,1809602.7079503
2015-08-07,5.27715,5.49098,5.16056,5.19946,2105551.7330743
2015-08-10,5.30617,5.7145,5.15079,5.7145,2496966.3884854
2015-08-11,5.77283,6.11303,5.69504,6.04501,2741658.0331248
2015-08-12,6.1616,6.49202,6.09347,6.33653,3797874.8964902
2015-08-13,6.1616,6.38501,6.07423,6.22962,2308255.5179754
2015-08-14,6.36565,6.41423,6.10336,6.21016,1457721.5303771
2015-08-17,6.39477,6.60861,6.26852,6.58916,1727513.1044862
2015-08-18,6.46299,6.47257,6.21984,6.39477,1609286.450139
2015-08-19,6.49202,6.74464,6.47257,6.69608,1737289.1010685
2015-08-20,6.80309,7.0266,6.80309,6.88069,2518882.6108515
2015-08-21,6.90981,6.92945,6.48225,6.55026,2174902.4563166
2015-08-24,6.17127,6.67663,6.05458,6.10336,3255616.5429074
2015-08-25,6.23938,6.34641,5.79238,6.03523,2092072.3851808
2015-08-26,5.98667,6.02547,5.64647,5.6756,2136213.7801726
2015-08-27,5.75338,6.00611,5.6756,5.91865,1595601.4730561
2015-08-28,5.92832,6.39477,5.88942,6.34641,1715885.4322482
2015-08-31,6.17127,6.37553,6.05458,6.26852,1507418.9652877
2015-09-01,6.29764,6.51137,6.11303,6.17127,1338672.3592726
2015-09-02,6.18104,6.28796,5.93808,6.06436,1641595.5566553
2015-09-03,5.94777,6.28796,5.8991,5.96721,1223840.1059768
2015-09-04,5.90897,5.99633,5.6756,5.86998,1131439.6674479
2015-09-08,5.93808,6.09347,5.80186,5.96721,901365.92838099
2015-09-09,5.84086,6.01578,5.64647,5.69504,1086578.0638174
2015-09-10,5.8216,5.90897,5.62712,5.64647,1073692.3056034
2015-09-11,5.59781,5.79238,5.43274,5.7826,1182578.5325871
2015-09-14,5.72426,5.95744,5.57855,5.81173,1183606.6785336
2015-09-15,5.77283,5.94777,5.69504,5.75338,781387.88059362
2015-09-16,5.91865,6.18104,5.87985,6.15182,1213139.2845184
2015-09-17,6.06436,6.34641,5.86504,6.26852,2361395.9756176
2015-09-18,6.44344,6.87111,6.43377,6.55026,3424775.4202528
2015-09-21,6.41423,6.58916,6.31708,6.39477,1517504.9250814
2015-09-22,6.22962,6.28796,6.02547,6.11303,1120533.2168001
2015-09-23,6.28796,6.31738,5.97688,5.99633,889950.97599407
2015-09-24,6.18104,6.50179,6.13247,6.48225,1708534.4419677
2015-09-25,6.35578,6.51137,6.31708,6.48225,1335068.2772251
2015-09-28,6.32667,6.32667,6.05458,6.11303,1249211.5064946
2015-09-29,6.18104,6.29764,6.04501,6.11303,939333.38293475
2015-09-30,6.02547,6.34641,5.91865,6.33653,1433129.0896948
2015-10-01,6.39477,6.50179,5.91865,5.97688,1653119.9078228
2015-10-02,6.20049,6.61838,6.19072,6.59903,1507418.9652877
2015-10-05,6.65728,7.10429,6.61838,7.03627,2414178.8613197
2015-10-06,7.18209,7.45436,6.9488,7.23055,2703272.2295306
2015-10-07,7.27932,7.35701,7.00704,7.27932,1621929.0999519
2015-10-08,6.90981,7.10429,6.71553,6.7253,2127982.5348895
2015-10-09,7.03627,7.05572,6.65728,6.73497,2285515.7659003
2015-10-12,6.96815,6.9877,6.62815,6.7253,1377801.6693937
2015-10-13,6.6864,6.95868,6.50179,6.76419,1686869.4316162
2015-10-14,6.85146,7.34714,6.85146,7.30844,2513224.2628141
2015-10-15,7.18209,7.49295,7.11396,7.44448,1828351.4304393
2015-10-16,7.41536,7.56107,7.20143,7.23055,1529131.5843678
2015-10-19,7.19175,7.22098,6.76419,6.83222,1461689.2620746
2015-10-20,6.88069,7.30844,6.88069,7.22098,1608138.7758952
2015-10-21,7.18209,7.19175,6.89045,7.06539,1418107.0164053
2015-10-22,7.08484,7.37636,7.0266,7.18209,1008068.2315608
2015-10-23,7.31802,7.37636,7.11396,7.30844,1487149.8023395
2015-10-26,7.29868,7.34714,7.0946,7.18209,877288.06714779
2015-10-27,7.1334,7.52218,6.99748,7.41536,1647048.2755035
2015-10-28,7.61951,7.79436,7.1334,7.22098,2748341.4882539
2015-10-29,7.11396,7.26945,6.75453,6.84199,2076019.1270897
2015-10-30,6.84199,6.92945,6.6475,6.70584,1440949.0765993
2015-11-02,6.61838,6.82233,6.50179,6.72046,1641415.2512579
2015-11-03,6.59903,6.70584,6.47257,6.65728,1382762.0937293
2015-11-04,6.6475,6.7253,6.24906,6.28796,2241747.1371236
2015-11-05,6.35578,6.36565,5.94777,6.01578,2092586.9646298
2015-11-06,5.77283,5.85072,5.4813,5.50066,3056615.0963658
2015-11-09,5.47154,5.49098,5.18969,5.45209,2196128.8585943
2015-11-10,5.36461,5.36461,5.13144,5.15079,1881650.9214939
2015-11-11,5.15079,5.20913,4.97595,5.06342,1443726.5900827
2015-11-12,4.96618,5.18969,4.90794,5.02452,1757764.9061577
2015-11-13,5.00508,5.08286,4.94684,4.97595,1403392.8804242
2015-11-16,5.04387,5.10232,4.96618,5.06342,1355032.54172
2015-11-17,5.02452,5.0731,4.67465,4.7329,1661763.4244363
2015-11-18,4.74278,4.87861,4.64554,4.86894,1448357.8051251
2015-11-19,4.89815,5.13144,4.88849,5.05374,1143477.5851129
2015-11-20,5.08286,5.15079,4.81059,4.82036,1372420.8701142
2015-11-23,4.81059,4.90794,4.76203,4.88849,1097278.885276
2015-11-24,4.9953,5.14102,4.92729,5.09254,1355648.4163363
2015-11-25,4.9953,5.25771,4.93705,5.17034,1477889.3981581
2015-11-27,5.0342,5.24803,4.97595,5.06342,840656.69584882
2015-11-30,5.08286,5.26757,5.06342,5.10232,1197190.3604495
2015-12-01,5.17991,5.35504,5.06727,5.32591,1305861.8416787
2015-12-02,5.24803,5.45209,5.17034,5.34517,1198483.8997341
2015-12-03,5.40351,5.4813,5.28692,5.38417,1005803.2716232
2015-12-04,5.43274,5.75338,5.4133,5.66591,1615872.6619076
2015-12-07,5.60767,5.6367,5.26757,5.31605,1174038.3370441
2015-12-08,5.30617,5.3354,5.08286,5.2967,1150474.0423084
2015-12-09,5.38417,5.58822,5.2967,5.4133,1467083.2297258
2015-12-10,5.38417,5.49098,5.2967,5.30617,825735.9177266
2015-12-11,5.17991,5.3743,5.10232,5.19946,1401745.8210062
2015-12-14,5.16056,5.23835,4.93705,4.96618,1841949.2936785
2015-12-15,5.02452,5.05374,4.89815,4.94684,1183298.7412256
2015-12-16,5.10232,5.19946,4.9953,5.15079,1438788.4506838
2015-12-17,4.98564,5.0731,4.84949,4.88849,1629145.3676601
2015-12-18,4.98564,5.13144,4.91761,4.97595,1534686.6113347
2015-12-21,5.10232,5.17034,5.00508,5.0342,864425.6068222
2015-12-22,4.98564,5.12166,4.85936,4.92729,1110890.9298384
2015-12-23,4.93705,5.0731,4.90794,4.97595,824089.8712603
2015-12-24,5.0342,5.31605,5.01475,5.25771,723750.93048132
2015-12-28,5.16056,5.16056,4.92729,4.95641,927216.45503944
2015-12-29,5.09254,5.10232,4.93212,5.0342,644037.71163883
2015-12-30,5.00508,5.00508,4.86894,4.94684,625582.74513452
2015-12-31,4.95641,5.0342,4.86894,5.0342,737089.47809254
2016-01-04,5.12166,5.23825,4.90794,5.0342,1256538.1859351
2016-01-05,5.06342,5.06342,4.86894,4.96133,1134777.3432057
2016-01-06,5.04387,5.11199,4.97595,5.05374,906249.36838962
2016-01-07,5.13144,5.20913,4.92729,5.09254,1576557.9816305
2016-01-08,4.9953,5.17034,4.94684,5.06342,1191340.5645461
2016-01-11,5.0731,5.12661,4.78147,4.87861,1606563.6360459
2016-01-12,4.82036,4.87861,4.4317,4.50939,2155799.2007424
2016-01-13,4.50939,4.69894,4.41225,4.54839,1378189.6298839
2016-01-14,4.46083,4.51927,4.27622,4.38303,1204049.0562177
2016-01-15,4.51927,4.61641,4.25687,4.27622,1379092.1698232
2016-01-19,4.36368,4.38303,3.68329,3.74153,2695348.9215556
2016-01-20,3.85823,3.85823,3.55702,3.69317,2112591.7471918
2016-01-21,3.65417,3.81933,3.55605,3.77076,1124825.0930326
2016-01-22,3.75141,3.96504,3.69317,3.81933,1329078.6939912
2016-01-25,3.88745,4.06149,3.83888,3.83888,907458.83268547
2016-01-26,3.91658,4.01865,3.87778,3.99447,1115220.2852827
2016-01-27,3.99447,4.02359,3.89722,4.01371,986939.0726435
2016-01-28,3.96514,4.09161,3.80976,3.98459,1031223.2938212
2016-01-29,3.95547,4.27622,3.95547,4.23722,1135395.2437254
2016-02-01,4.29557,4.46083,4.27632,4.38303,998094.7094025
2016-02-02,4.3539,4.38303,4.16929,4.31027,1197954.1260099
2016-02-03,4.36368,4.63585,4.34414,4.62598,1439624.1358128
2016-02-04,4.79125,5.13144,4.7329,4.75235,2035022.9470379
2016-02-05,4.63585,5.28692,4.58719,5.25771,1976270.7371353
2016-02-08,5.52011,5.69504,5.3743,5.43274,2172257.6395022
2016-02-09,5.52011,5.73403,5.38417,5.43274,2733523.0182503
2016-02-10,5.35504,5.49098,5.11199,5.42296,1446761.3932908
2016-02-11,5.8602,6.00611,5.60767,5.70481,2066082.0711916
2016-02-12,5.57855,5.91865,5.57855,5.86504,1456043.0694573
2016-02-16,5.61735,5.7826,5.32591,5.42296,1677529.0042527
2016-02-17,5.51042,5.58822,5.23835,5.35504,2077097.9206199
2016-02-18,5.2967,5.79712,5.26757,5.74371,1713500.9440134
2016-02-19,5.68537,5.81173,5.56868,5.60767,1023719.3478383
2016-02-22,5.43274,5.69494,5.42493,5.6367,1539700.7221088
2016-02-23,5.72426,5.8601,5.56394,5.58822,943942.31304039
2016-02-24,5.7826,5.92832,5.5591,5.65625,1668995.8993714
2016-02-25,5.59781,5.85072,5.58822,5.8216,1355340.4790283
2016-02-26,5.45209,5.66591,5.30627,5.38417,2483199.3623172
2016-02-29,5.4133,5.69504,5.40351,5.6367,1803022.5738917
2016-03-01,5.69504,5.76316,5.3743,5.53955,1793775.338082
2016-03-02,5.52011,5.8991,5.47154,5.8602,1599169.0888434
2016-03-03,5.88942,6.36565,5.8602,6.29764,2009728.5308472
2016-03-04,6.48225,7.04594,6.44344,6.50179,3327872.4115436
2016-03-07,6.34641,6.44344,5.7145,5.7826,5047577.6845455
2016-03-08,5.8991,5.92832,5.57855,5.66591,2207590.4067582
2016-03-09,5.57855,5.7826,5.45209,5.69504,2262466.0506138
2016-03-10,5.7826,5.8602,5.53955,5.6367,3519110.5964743
2016-03-11,5.65625,5.74371,5.57855,5.61735,1764810.997985
2016-03-14,5.66591,5.7145,5.33826,5.3743,2411471.2415017
2016-03-15,5.34517,5.34517,5.05374,5.21881,1637052.4684085
2016-03-16,5.19946,5.58822,5.04882,5.56868,2485856.3345516
2016-03-17,5.7145,5.8216,5.52011,5.53955,2065729.5640099
2016-03-18,5.56868,5.76316,5.52988,5.56868,3508709.6087106
2016-03-21,5.54932,5.79238,5.52011,5.64647,1145580.472783
2016-03-22,5.75338,5.76316,5.43274,5.47154,1491251.2436577
2016-03-23,5.23835,5.44251,5.12166,5.17991,1734247.2071989
2016-03-24,5.22859,5.34023,5.09244,5.30617,995996.88649067
2016-03-28,5.36461,5.38417,5.11199,5.22859,853896.9871479
2016-03-29,5.25771,5.62712,5.20913,5.58822,1281973.4024082
2016-03-30,5.62712,5.62712,5.4045,5.47154,1278174.8336398
2016-03-31,5.50066,5.61735,5.38417,5.39384,978363.42379199
2016-04-01,5.2967,5.4813,5.11199,5.4813,1594902.5364027
2016-04-04,5.46186,5.51042,5.34517,5.3743,2446360.3359254
2016-04-05,5.44251,5.53955,5.3743,5.47154,1274184.8170054
2016-04-06,5.43274,5.64647,5.34517,5.62712,1502436.2560153
2016-04-07,5.77283,5.90897,5.72426,5.83098,2078803.7312349
2016-04-08,5.85072,6.1227,5.84815,6.10336,1981623.1737678
2016-04-11,6.23938,6.82233,6.21016,6.80309,3566964.4593427
2016-04-12,6.90033,7.0946,6.6475,7.06539,3007881.9914465
2016-04-13,6.91968,7.36186,6.83222,7.15286,3208080.7468639
2016-04-14,7.11396,7.12383,6.65728,6.92945,2269447.3135342
2016-04-15,6.9488,7.20143,6.87111,7.05572,1981133.9181104
2016-04-18,7.07507,7.16263,6.94979,7.10429,1542488.3651091
2016-04-19,7.42504,7.88172,7.35504,7.86246,3736026.0933275
2016-04-20,7.91095,8.36763,7.83335,7.8526,3909832.3929422
2016-04-21,8.20256,8.32695,7.95951,8.21214,3332921.9756265
2016-04-22,8.23168,8.47139,7.94016,8.115,3003820.0552436
2016-04-25,8.14422,8.14422,7.91095,8.03721,1426413.2201122
2016-04-26,8.0762,8.43584,7.94016,8.43584,1721932.7537275
2016-04-27,8.47463,8.65935,8.18025,8.4551,2130463.2535331
2016-04-28,8.60091,8.89253,8.47463,8.79519,2098451.9548083
2016-04-29,8.97999,9.33874,8.97999,9.12571,3273789.908847
2016-05-02,9.26174,9.33874,8.9022,9.03834,3049396.8027542
2016-05-03,9.03834,9.09658,8.52322,8.70772,2430523.8494922
2016-05-04,8.4551,8.70772,8.03721,8.0762,3132454.7880162
2016-05-05,8.22192,8.60091,8.22192,8.49409,2020275.3836516
2016-05-06,8.64948,8.98977,8.52322,8.82451,2244890.3261604
2016-05-09,8.50366,8.50366,8.00808,8.14422,1819058.6118044
2016-05-10,8.13454,8.40652,7.94016,8.36763,1909959.8818593
2016-05-11,8.58156,8.78561,8.23168,8.52322,1790434.6234691
2016-05-12,8.78561,9.22295,8.68847,9.00922,3371486.0587148
2016-05-13,9.00922,9.39828,8.80506,9.20339,2398252.2221876
2016-05-16,9.35858,9.57301,9.09658,9.23262,2046903.8571938
2016-05-17,9.26174,9.77638,9.10637,9.69938,3185480.7821195
2016-05-18,9.4279,9.69938,9.00922,9.04801,2778780.6859843
2016-05-19,8.63991,9.48515,8.53288,9.30094,2575865.194184
2016-05-20,9.36847,9.47035,9.04801,9.39828,2085509.4713007
2016-05-23,9.1646,9.53353,9.04801,9.36847,1209524.0600026
2016-05-24,9.17427,9.17427,8.63991,8.63991,1942675.1819959
2016-05-25,8.56201,9.08681,8.3774,9.01888,1949180.3576307
2016-05-26,9.1646,9.28099,8.89253,9.06747,1600058.460411
2016-05-27,8.93142,9.02847,8.4163,8.4551,2220418.4267269
2016-05-31,8.43584,8.84396,8.33841,8.77593,2152757.3068728
2016-06-01,8.78561,8.93142,8.58156,8.77593,1322825.7433226
2016-06-02,8.72737,8.94109,8.51353,8.82451,1213611.3199973
2016-06-03,9.25207,9.95308,9.25207,9.8445,3137418.2512069
2016-06-06,9.87411,10.1258,9.70925,10.1159,2439379.073005
2016-06-07,9.95308,10.3174,9.95308,10.1752,1711483.1442837
2016-06-08,10.7783,11.0893,10.6411,10.8268,3859461.34517
2016-06-09,10.8169,11.04,10.6896,10.9907,2066170.197987
2016-06-10,11.0005,11.2246,10.6314,10.8949,2503000.541593
2016-06-13,11.1772,11.4003,10.9324,11.0696,4369721.5683997
2016-06-14,11.119,11.2492,10.8268,11.1288,2891196.0365919
2016-06-15,10.8268,11.4684,10.6698,11.2829,4228794.6670925
2016-06-16,11.6619,11.7014,10.7586,10.9324,3775126.0278502
2016-06-17,11.0696,11.3757,10.9374,11.1288,13992080.731834
2016-06-20,10.7389,11.4103,10.6047,11.2444,2659310.1269845
2016-06-21,11.0499,11.2049,10.8366,11.0005,1541895.7883812
2016-06-22,11.0104,11.1288,10.7685,11.0993,1468300.797635
2016-06-23,11.0893,11.3311,11.0203,11.1288,2094534.8706944
2016-06-24,11.8969,12.0411,11.5168,11.6817,4021682.5165169
2016-06-27,11.7983,11.9729,11.109,11.5267,2805753.563095
2016-06-28,11.3311,11.9532,11.3311,11.8574,3280186.6986529
2016-06-29,12.0509,12.3609,12.0411,12.208,4072056.6031439
2016-06-30,12.3609,12.6729,12.2167,12.6245,1898927.8252042
2016-07-01,13.1201,13.2701,12.9059,13.1981,2338932.7593489
2016-07-05,13.2948,13.4419,12.8673,13.3146,2840384.3548426
2016-07-06,13.5091,14.442,13.4123,14.3551,4682278.9491308
2016-07-07,14.1606,14.208,13.5959,13.8101,2782931.7619345
2016-07-08,13.9256,14.2859,13.743,14.1705,2883088.3714126
2016-07-11,14.0144,14.4706,13.9849,14.4518,2364692.1203568
2016-07-12,14.4518,14.51,13.8328,13.9168,1933684.2229592
2016-07-13,14.0638,14.2959,13.6788,14.2662,2641942.0576238
2016-07-14,13.7617,14.1409,13.3244,14.131,3116286.0534346
2016-07-15,14.0441,14.208,13.7816,13.8398,1489020.7240769
2016-07-18,13.8013,13.9849,13.6739,13.9168,1745073.6346645
2016-07-19,13.8013,13.8685,13.5465,13.5959,1346066.906475
2016-07-20,13.2751,13.285,12.5949,12.6926,3021835.4007225
2016-07-21,12.6047,13.1783,12.4201,13.0826,2399347.2229447
2016-07-22,12.9641,12.9641,12.6344,12.8476,1282309.7023631
2016-07-25,12.5564,12.6047,12.0213,12.2839,1830253.7536785
2016-07-26,12.4301,12.8002,12.3323,12.6146,1491661.4890847
2016-07-27,12.7608,13.3244,12.4398,13.1882,2444200.7229617
2016-07-28,13.3244,13.4508,12.887,13.1685,1510662.43654
2016-07-29,13.3826,13.7617,13.2652,13.5465,1753725.2548915
2016-08-01,13.6354,13.7529,13.4123,13.7233,1217741.1239623
2016-08-02,13.9454,14.1211,13.7035,13.7529,1670303.6199794
2016-08-03,13.6057,13.6057,13.2168,13.3541,2043548.9612575
2016-08-04,13.3639,13.6354,13.2079,13.2553,2486340.5254507
2016-08-05,12.7508,13.1685,12.5464,12.9542,1810574.1286033
2016-08-08,12.896,13.5376,12.8772,13.1685,1601042.0364841
2016-08-09,13.3146,13.4843,13.2355,13.3047,897593.69635607
2016-08-10,13.5959,13.7321,13.4023,13.432,1693958.0674138
2016-08-11,14.0144,15.2683,13.8013,14.9949,5566273.7692961
2016-08-12,15.2001,15.3936,14.8023,14.909,2844725.865707
2016-08-15,14.9287,15.0432,14.51,14.6562,2128257.0447926
2016-08-16,14.7331,14.831,14.4518,14.7036,1882324.5343555
2016-08-17,14.5486,14.5486,13.8298,14.3452,3106409.7746368
2016-08-18,14.5003,14.7234,14.1754,14.6562,2379049.6973497
2016-08-19,14.2564,14.5585,14.1409,14.3354,1972253.3708058
2016-08-22,13.82,14.1803,13.8101,14.0047,1613256.2077399
2016-08-23,14.3551,14.8882,14.208,14.2268,2686154.3592328
2016-08-24,13.9454,14.0441,12.6532,12.7213,3143757.3027677
2016-08-25,12.5277,13.1852,12.3905,12.7311,2318894.549382
2016-08-26,13.0332,13.2079,12.3136,12.509,3430636.3586245
2016-08-29,12.3708,12.7666,12.2938,12.5377,1824039.2951734
2016-08-30,12.1684,12.5188,11.5752,11.7014,3584632.3623981
2016-08-31,11.5662,11.6867,11.2148,11.3905,3123016.1043405
2016-09-01,11.3311,11.9196,11.2246,11.887,2604109.3256423
2016-09-02,12.352,12.5751,11.9443,12.3905,2552591.616578
2016-09-06,12.7113,13.2553,12.5277,13.1981,2620174.7391533
2016-09-07,13.285,13.2948,12.7074,13.2257,2393603.7869669
2016-09-08,13.2168,13.3826,12.8476,12.9937,1705275.7764403
2016-09-09,12.7608,12.7706,11.5662,11.7597,2745107.1335664
2016-09-12,11.5168,12.7213,11.43,12.5277,3477813.5697762
2016-09-13,12.2938,12.4398,11.74,11.9147,2788251.7841136
2016-09-14,12.0993,12.6344,12.0608,12.2267,2498449.3497327
2016-09-15,12.4892,12.4892,11.818,12.1684,2054747.1419868
2016-09-16,11.9917,12.1881,11.6324,11.6324,5885953.21323
2016-09-19,11.8574,12.0795,11.8277,11.9147,1348519.2624719
2016-09-20,11.9246,12.1487,11.8277,12.1091,1493586.0972607
2016-09-21,12.6245,13.0826,12.3233,13.0134,2924836.1616046
2016-09-22,13.2079,13.3442,12.5653,12.8002,1926478.0847676
2016-09-23,12.7025,12.8575,12.2167,12.3323,1489817.9170424
2016-09-26,12.4103,12.5653,12.1487,12.1585,1012092.6885519
2016-09-27,12.0894,12.0894,11.3855,11.6718,2490509.8345308
2016-09-28,11.6422,12.208,11.4103,12.0411,1923631.6905705
2016-09-29,11.9443,12.0016,11.6126,11.8574,1525831.3878217
2016-09-30,12.1487,12.1871,11.6817,11.7201,1372440.116196
2016-10-03,11.7014,11.7983,11.2829,11.4783,1372180.800568
2016-10-04,11.0499,11.0499,10.2049,10.3983,3395180.0112645
2016-10-05,10.5355,10.6116,10.1258,10.4368,1776860.0581184
2016-10-06,10.0113,10.3213,9.8445,10.0578,2032079.3094803
2016-10-07,10.5652,10.6609,9.97189,10.2049,1754896.2270238
2016-10-10,10.3026,10.4565,10.2444,10.3687,932788.70218474
2016-10-11,10.2444,10.3589,10.0488,10.0488,1052865.0062843
2016-10-12,10.0765,10.4762,10.0568,10.3124,1445842.6461245
2016-10-13,10.3026,10.7093,10.2828,10.3983,1862270.1171617
2016-10-14,10.2444,10.5257,10.1455,10.185,2029564.1504799
2016-10-17,10.2739,10.4368,10.1455,10.2344,1031462.3504156
2016-10-18,10.886,10.886,10.3213,10.7389,1308183.52691
2016-10-19,10.9137,11.1387,10.7192,11.0104,2424170.6166081
2016-10-20,11.0005,11.0598,10.6994,10.9907,968479.04138082
2016-10-21,10.9718,11.0005,10.7982,10.8762,705444.86787272
2016-10-24,10.9423,11.0598,10.341,10.5553,1627203.5393058
2016-10-25,10.6411,11.0696,10.5691,10.8949,1631253.3200887
2016-10-26,10.3312,10.8949,10.3312,10.5652,1445512.4238796
2016-10-27,10.6698,10.7093,10.2541,10.3687,870289.58404891
2016-10-28,10.3213,10.6116,10.1555,10.4467,1426294.7047667
2016-10-31,10.4961,10.6896,10.3213,10.6511,1179518.4055873
2016-11-01,10.9718,11.5752,10.9621,11.3511,2391812.8884115
2016-11-02,11.6718,11.9345,11.0993,11.2246,2886078.6047471
2016-11-03,11.1585,11.507,11.0893,11.2917,1065782.1660002
2016-11-04,11.2345,11.3608,10.9087,11.119,1385681.4204467
2016-11-07,10.7783,10.881,10.575,10.7488,1145819.5293776
2016-11-08,10.7883,11.109,10.428,10.7192,1766860.1992166
2016-11-09,11.497,12.4301,11.3511,11.7498,5422137.8370934
2016-11-10,12.5377,12.5377,10.501,10.575,3784908.1021425
2016-11-11,10.575,10.5947,9.08681,9.11603,4371096.143818
2016-11-14,9.06747,9.66088,8.80989,9.23262,2673501.5799032
2016-11-15,9.26174,9.99159,9.25207,9.93334,2475670.0925423
2016-11-16,9.92343,9.96194,9.58289,9.7665,1907594.6397061
2016-11-17,9.8445,10.0666,9.47528,9.62238,2911814.6678667
2016-11-18,9.4654,9.74677,9.39828,9.70925,1610216.3397735
2016-11-21,9.8445,9.94325,9.62238,9.82475,1806415.9619915
2016-11-22,9.90373,10.2828,9.6125,10.2541,1760029.8660953
2016-11-23,9.85437,9.85437,9.34872,9.48515,2540598.2687867
2016-11-25,9.54339,9.60263,9.23262,9.3191,1107165.2935904
2016-11-28,9.48515,9.73689,9.36847,9.67075,1539937.7528001
2016-11-29,9.4279,9.79513,9.37824,9.6895,1222803.8564168
2016-11-30,9.63125,9.69938,9.3884,9.58289,1524894.4075255
2016-12-01,9.37824,9.69938,9.23262,9.34872,2343943.8312682
2016-12-02,9.47528,9.80106,9.44664,9.78527,2077413.9615414
2016-12-05,9.59275,10.195,9.49503,10.0666,1645068.9679372
2016-12-06,10.0212,10.1752,9.67075,9.74677,1558879.9490583
2016-12-07,9.90373,10.0015,9.71912,9.74677,1961874.6679789
2016-12-08,9.7665,9.78527,9.44072,9.6125,1181781.3396216
2016-12-09,9.48515,9.58289,8.94109,9.02847,2075407.3042801
2016-12-12,9.13548,9.30982,8.89726,9.01888,1661185.0290319
2016-12-13,9.04801,9.32394,8.95078,9.13548,1605198.1771926
2016-12-14,9.24239,9.30094,8.49409,8.51353,2350457.1105163
2016-12-15,8.13454,8.28992,7.83335,8.02753,2941580.2527357
2016-12-16,8.20256,8.27533,7.82347,7.92061,4863562.8579848
2016-12-19,8.3774,8.3774,7.84282,7.96929,1613521.6010778
2016-12-20,7.70688,7.91095,7.48338,7.84282,1662420.8300712
2016-12-21,7.8526,7.94974,7.75546,7.78457,985733.66015433
2016-12-22,7.68734,8.06633,7.67776,7.7749,889560.98960051
2016-12-23,7.78457,8.00808,7.74578,7.88172,861184.16147317
2016-12-27,8.06633,8.39685,8.01785,8.28992,1425892.562953
2016-12-28,8.14422,8.66892,8.06633,8.56201,1594249.1825746
2016-12-29,8.67861,9.30094,8.63881,9.20339,2603072.0631306
2016-12-30,9.26174,9.54735,8.62035,8.66892,2758179.274888
2017-01-03,8.83409,9.24239,8.71759,9.22295,2237372.198854
2017-01-04,9.33874,9.43678,9.13637,9.30982,1599656.3185974
2017-01-05,9.55327,10.2049,9.47528,10.1555,3262113.6149288
2017-01-06,10.0113,10.195,9.26174,9.55327,3051970.7129516
2017-01-09,9.805,10.1752,9.66581,9.805,2517149.4505415
2017-01-10,9.86424,10.2344,9.729,9.87411,2221161.9332539
2017-01-11,9.729,9.82475,9.27122,9.57301,3690551.6539358
2017-01-12,9.86424,9.96194,9.55327,9.67964,2006237.8993869
2017-01-13,9.55327,9.805,9.35858,9.78527,1513856.2731605
2017-01-17,10.0765,10.1545,9.86424,10.0212,1642619.6507954
2017-01-18,10.0113,10.1061,9.49503,9.651,1881329.815814
2017-01-19,9.54339,9.71912,9.35858,9.6125,1392324.3575089
2017-01-20,9.62238,10.0113,9.50489,9.75664,1430218.8795423
2017-01-23,9.92343,9.96691,9.729,9.94325,1499611.1338032
2017-01-24,9.93334,10.1653,9.729,9.87411,1840051.0222459
2017-01-25,9.651,9.82475,9.58189,9.82475,1255472.5607765
2017-01-26,9.49503,9.75664,9.47528,9.59275,1412845.7454233
2017-01-27,9.57301,9.93334,9.54339,9.89386,1333706.8701786
2017-01-30,9.97189,10.1455,9.81489,9.91362,1200511.8289806
2017-01-31,10.2049,10.3885,10.0962,10.2739,2328334.2460092
2017-02-01,10.1061,10.3885,10.0301,10.2828,1850090.3862629
2017-02-02,10.6314,10.7883,10.4714,10.6896,2123996.5700619
2017-02-03,10.6796,10.7982,10.6047,10.7192,1487307.8228003
2017-02-06,10.9137,11.4389,10.8366,11.4003,3081498.254178
2017-02-07,11.2246,11.5317,11.0893,11.1673,2610156.6471216
2017-02-08,11.3806,11.9078,11.3806,11.5267,3666183.0755729
2017-02-09,11.5662,11.6521,11.1288,11.2049,2407781.0585621
2017-02-10,11.1387,11.5365,11.0499,11.3905,2447167.6584078
2017-02-13,11.2444,11.4201,11.2395,11.2829,1302104.8039289
2017-02-14,11.5465,11.5465,11.119,11.3511,1477547.0204931
2017-02-15,11.2246,11.2246,10.886,11.04,2384555.0896848
2017-02-16,11.109,11.4201,11.109,11.2582,1689698.6056349
2017-02-17,11.2542,11.3311,10.8949,10.9718,1639247.5346807
2017-02-21,10.7488,11.04,10.6047,10.808,1895607.3696248
2017-02-22,10.7783,10.8565,10.4033,10.6511,2161786.7580731
2017-02-23,10.9235,11.0499,10.5849,10.5947,3103871.3177479
2017-02-24,10.9137,11.6817,10.9137,11.2049,4353544.7302047
2017-02-27,11.2246,11.6422,10.2641,10.3589,4524398.2756966
2017-02-28,10.575,10.9718,10.4762,10.7883,3186129.0711893
2017-03-01,10.5849,10.9907,10.4083,10.9137,3293591.0881228
2017-03-02,10.6214,10.809,9.8445,9.93334,3175748.3424591
2017-03-03,9.94325,10.2976,9.67964,10.2049,2456253.8349017
2017-03-06,10.1358,10.1841,9.55327,9.73689,2213394.6198363
2017-03-07,9.60263,9.94325,9.45553,9.73689,1691756.9234316
2017-03-08,9.55327,9.85437,9.49503,9.54339,1729756.7924388
2017-03-09,9.54339,9.69938,9.44664,9.4654,1548410.0805811
2017-03-10,9.50489,9.78527,9.43678,9.70925,1990167.4211175
2017-03-13,9.81586,10.3786,9.73689,10.2344,3085448.7656971
2017-03-14,10.195,10.3687,9.69443,9.75664,2359621.2842891
2017-03-15,9.8445,10.7685,9.72406,10.6214,3580314.1494223
2017-03-16,10.9423,10.9423,10.4368,10.5652,2325106.9819836
2017-03-17,10.6047,10.6896,10.0864,10.1159,3938161.6123408
2017-03-20,10.1752,10.4565,10.1712,10.3983,1433714.5757609
2017-03-21,10.4467,10.7685,10.4467,10.575,2545908.161449
2017-03-22,10.6511,10.6609,10.3312,10.4083,1496546.9549967
2017-03-23,10.5059,10.5257,10.0488,10.2444,2443016.5824576
2017-03-24,10.195,10.3736,10.0962,10.2147,957155.25464434
2017-03-27,10.4961,10.5849,10.2828,10.5355,1358592.053894
2017-03-28,10.5553,10.575,10.04,10.2049,1693927.6788636
2017-03-29,10.1653,10.3213,10.0488,10.2147,1140235.1268121
2017-03-30,10.1159,10.2147,10.035,10.1061,957025.59683039
2017-03-31,10.1358,10.4083,10.0212,10.3124,1474954.8771656
2017-04-03,10.3401,10.8565,10.3124,10.7685,2044523.4207656
2017-04-04,10.9137,10.9137,10.6047,10.8565,1531377.2982236
2017-04-05,10.6994,11.0301,10.6314,10.9137,1948984.8579581
2017-04-06,10.8268,10.9907,10.7783,10.8949,879077.95275145
2017-04-07,11.109,11.1664,10.6116,10.7982,1882728.7020725
2017-04-10,10.6994,10.7093,10.4181,10.5947,2165468.8373993
2017-04-11,10.7488,11.0499,10.6511,11.0005,2386278.120478
2017-04-12,10.9621,11.0943,10.8366,11.04,2810140.6567846
2017-04-13,11.0301,11.0598,10.6994,10.7883,2293969.8605513
2017-04-17,10.8169,10.8366,10.2294,10.4565,2698172.0178643
2017-04-18,10.3885,10.4961,10.195,10.4665,2009752.8416873
2017-04-19,10.3589,10.3885,9.8445,10.0578,2497686.5971239
2017-04-20,10.0765,10.7192,10.0666,10.2828,1686082.3681674
2017-04-21,10.3312,10.4083,10.185,10.3589,1415485.4974794
2017-04-24,10.1455,10.2828,10.0212,10.2049,1876599.3315078
2017-04-25,10.0015,10.0301,9.45553,9.67075,4147744.3520436
2017-04-26,9.52365,10.1358,9.52365,9.98164,3339263.0530905
2017-04-27,9.94325,10.0015,9.62238,9.74677,1992445.5494269
2017-04-28,9.79513,10.0765,9.71912,10.0212,2197564.211113
2017-05-01,9.92343,10.0015,9.6895,9.83463,1723541.3209821
2017-05-02,9.7665,9.91858,9.66088,9.75664,1589097.310373
2017-05-03,9.75664,9.83463,9.4654,9.56315,2928727.9219269
2017-05-04,9.34872,9.43678,8.50366,8.77593,3670560.0397457
2017-05-05,8.91198,8.98977,8.73694,8.92649,1877483.638317
2017-05-08,8.87308,8.89253,8.60091,8.87308,2332743.6246357
2017-05-09,8.76607,8.93142,8.64464,8.91198,1754285.4171658
2017-05-10,9.02847,9.20339,8.94109,9.15493,2298071.3018694
2017-05-11,9.25207,9.56315,9.1646,9.53353,1755017.7812243
2017-05-12,9.70925,9.95308,9.651,9.92343,3000074.1599622
2017-05-15,10.185,10.2147,9.78527,10.0301,2044008.8413164
2017-05-16,10.0578,10.1555,10.0301,10.0666,1447352.9570669
2017-05-17,10.2739,10.4141,10.1455,10.2444,2442088.7187265
2017-05-18,10.0765,10.1397,9.68457,9.93334,1733023.5615796
2017-05-19,10.0578,10.0864,9.78527,9.82475,2391188.9101818
2017-05-22,9.91362,10.2444,9.91362,10.185,1761913.9562044
2017-05-23,10.1752,10.185,9.66088,9.69938,3452439.1304033
2017-05-24,9.67075,9.805,9.27122,9.58289,3342049.683139
2017-05-25,9.44664,9.57301,9.28099,9.43678,1368781.3347582
2017-05-26,9.59275,9.62731,9.43678,9.43678,1112242.2073683
2017-05-30,9.33874,9.37824,9.19383,9.22295,1392302.0725722
2017-05-31,9.26174,9.30094,9.07723,9.23262,1521449.3588905
2017-06-01,9.11603,9.18997,9.02847,9.14515,1334298.4339548
2017-06-02,9.3191,9.3884,9.15987,9.26174,1796425.2196548
2017-06-05,9.3191,9.34872,9.04801,9.28099,1870896.4135969
2017-06-06,9.37824,9.71418,9.34872,9.64113,2710806.5640638
2017-06-07,9.53353,9.65593,9.32888,9.651,2004224.1514639
2017-06-08,9.54339,9.73788,9.37824,9.66088,1663573.5690735
2017-06-09,9.41802,9.44664,9.23262,9.25207,1958491.4093958
2017-06-12,9.19383,9.53155,9.14515,9.32888,1984638.7308941
2017-06-13,9.28099,9.59275,9.25207,9.54339,1413262.0685602
2017-06-14,9.7665,9.7665,8.81483,8.94109,3840225.3929269
2017-06-15,8.82451,9.30094,8.82451,9.07723,2871391.8184611
2017-06-16,9.09658,9.20339,8.89253,8.92165,19509953.644359
2017-06-19,8.88286,9.07723,8.81483,9.03834,1830776.436741
2017-06-20,9.02847,9.10637,8.91198,9.04801,875422.21016874
2017-06-21,9.03834,9.21327,8.96054,9.14515,1102135.988541
2017-06-22,9.24239,9.49009,9.21327,9.44664,1675384.5855639
2017-06-23,9.47528,9.70432,9.4654,9.67964,1604651.1832899
2017-06-26,9.59275,9.71912,9.44664,9.651,989490.69790418
2017-06-27,9.7665,9.78527,9.53353,9.54833,1136077.9731521
2017-06-28,9.64113,9.82475,9.51871,9.79513,983592.28032063
2017-06-29,9.80995,9.94325,9.3039,9.4279,3245230.7494187
2017-06-30,9.34872,9.53353,9.27122,9.43678,1406602.9242713
2017-07-03,9.15493,9.19383,8.95078,8.97999,978700.73669862
2017-07-05,8.97999,9.11119,8.91098,9.08681,1732941.5124942
2017-07-06,9.06747,9.1646,8.97032,9.03834,1048570.0911968
2017-07-07,8.94109,8.99944,8.78561,8.79519,1336253.4306808
2017-07-10,8.70772,9.05295,8.62035,9.02847,1762322.175728
2017-07-11,8.98977,9.09412,8.81483,9.08681,1046107.6056832
2017-07-12,9.23262,9.29058,8.93142,8.96054,1619596.2722522
2017-07-13,8.97032,9.07723,8.77593,8.85373,1356595.5261493
2017-07-14,9.07723,9.19866,9.01888,9.14515,1619778.6035531
2017-07-17,9.27122,9.44171,9.21407,9.36847,1530421.0718456
2017-07-18,9.44664,9.58289,9.41802,9.50489,2282034.2510051
2017-07-19,9.49503,9.60263,9.49503,9.55327,1424788.4456311
2017-07-20,9.51378,9.67964,9.49996,9.55327,1109063.5650229
2017-07-21,9.6125,9.66088,9.4654,9.57301,937213.27508616
2017-07-24,9.56315,9.56315,9.39828,9.44664,1651537.6773119
2017-07-25,9.55327,9.57301,9.32888,9.37824,1293687.1755382
2017-07-26,9.37824,9.6125,9.22295,9.55327,1934152.2066314
2017-07-27,9.60263,9.60263,9.29058,9.35858,1675823.1936378
2017-07-28,9.41802,9.57301,9.39235,9.50489,1106411.6575468
2017-07-31,9.44664,9.6125,9.33874,9.45553,1036887.7195686
2017-08-01,9.3884,9.55327,9.3191,9.43678,1156055.4060187
2017-08-02,9.3884,9.48515,9.29058,9.29058,826909.92871395
2017-08-03,9.57301,9.57301,9.22295,9.30094,352108.07874755
2017-08-04,9.18415,9.18415,8.63991,8.78561,1421708.0595978
2017-08-07,8.74671,8.85373,8.71759,8.78561,813800.30818049
2017-08-08,8.78561,9.00922,8.68847,8.79519,1185436.0692526
2017-08-09,8.91198,8.99934,8.83409,8.89253,1278101.9011193
2017-08-10,9.30094,10.0666,9.12551,10.0113,2688166.0812526
2017-08-11,9.91362,10.0261,9.69938,9.85437,1403090.0078744
2017-08-14,9.78527,9.78527,9.58782,9.67075,808910.79046183
2017-08-15,9.37824,9.60263,9.37824,9.40814,969085.79943209
2017-08-16,9.41802,9.79513,9.3884,9.6895,966900.86267651
2017-08-17,9.78527,9.78527,9.56315,9.70925,904502.02675616
2017-08-18,9.81489,9.94621,9.55524,9.6125,1183870.0459684
2017-08-21,9.651,9.71912,9.55327,9.6895,722319.62976939
2017-08-22,9.6895,9.7665,9.63125,9.66088,627254.1153926
2017-08-23,9.71912,9.81489,9.61152,9.75664,771495.39456908
2017-08-24,9.70925,9.83463,9.64113,9.74677,674333.07023214
2017-08-25,9.77638,9.86424,9.66088,9.75664,727779.43927915
2017-08-28,9.79513,10.195,9.79513,10.195,1135008.2961868
2017-08-29,10.2344,10.4083,10.0015,10.1555,1068813.9303531
2017-08-30,10.0488,10.1061,9.85437,9.92343,672896.70476185
2017-08-31,9.91362,10.2049,9.89386,10.1653,781859.91607257
2017-09-01,10.2049,10.2444,10.0301,10.2247,566856.87197527
2017-09-05,10.3026,10.4318,10.2344,10.428,1057974.3345156
2017-09-06,10.3589,10.5553,10.1802,10.2828,1081442.3988426
2017-09-07,10.3499,10.5355,10.3499,10.5257,955429.18499599
2017-09-08,10.5652,10.5849,10.3885,10.4665,980731.70480012
2017-09-11,10.1555,10.4368,10.1159,10.1752,941529.46215871
2017-09-12,10.1653,10.423,10.0765,10.3589,957120.81428751
2017-09-13,10.3026,10.3499,10.0962,10.1159,934588.71730512
2017-09-14,10.1358,10.2344,10.0666,10.1752,964307.70639729
2017-09-15,10.1258,10.2641,10.0666,10.1358,1197678.6031552
2017-09-18,10.0301,10.0578,9.8445,9.89386,1065287.8455844
2017-09-19,9.87411,10.0488,9.85437,9.97189,807388.32409946
2017-09-20,9.99159,10.1258,9.67371,9.82475,1025393.7569512
2017-09-21,9.62238,9.92343,9.62238,9.81489,645421.40362221
2017-09-22,9.93334,10.04,9.91362,9.97189,572214.37336621
2017-09-25,9.96194,10.4368,9.92343,10.3983,1135914.8879328
2017-09-26,10.2739,10.4565,10.2049,10.3124,869415.40675635
2017-09-27,10.1061,10.3124,10.1061,10.2444,794572.45955078
2017-09-28,10.3401,10.5947,10.2147,10.5454,905139.17335758
2017-09-29,10.4762,10.6116,10.2927,10.3026,1042254.3375246
2017-10-02,10.3124,10.3687,10.1555,10.2927,611207.94796327
2017-10-03,10.3589,10.5306,10.3401,10.4961,517839.12763636
2017-10-04,10.5947,10.7685,10.5355,10.7586,1116723.5055634
2017-10-05,10.7586,10.8762,10.6718,10.6896,1217928.5200215
2017-10-06,10.6896,10.9037,10.428,10.886,1054438.1202302
2017-10-09,10.886,10.9521,10.7883,10.886,494281.92356234
2017-10-10,10.9621,11.0203,10.7586,10.7883,676540.29192448
2017-10-11,10.7883,11.0696,10.7783,11.0203,1889540.8020638
2017-10-12,11.04,11.0796,10.9235,11.0005,998519.13615288
2017-10-13,10.9521,11.0203,9.92343,10.0765,2827286.8897292
2017-10-16,10.185,10.185,9.7665,9.79513,1566076.9706848
2017-10-17,9.6895,9.805,9.60263,9.73689,960074.58136181
2017-10-18,9.69938,9.7665,9.59275,9.59275,865899.45150432
2017-10-19,9.67964,9.70925,9.60263,9.66088,773937.62104923
2017-10-20,9.52365,9.57992,9.45553,9.53353,1214064.1093945
2017-10-23,9.4654,9.69938,9.43678,9.62238,934409.42485925
2017-10-24,9.6125,9.70925,9.55327,9.58289,782249.90246612
2017-10-25,9.54339,9.62238,9.45553,9.49503,896391.32272191
2017-10-26,9.47528,9.53353,9.33874,9.35858,1013554.377814
2017-10-27,9.32888,9.50885,9.26174,9.4279,684403.83575088
2017-10-30,9.41802,9.58289,9.3191,9.50489,607556.25718727
2017-10-31,9.49503,9.49503,9.30094,9.32888,593055.85400875
2017-11-01,9.4279,9.52365,9.33874,9.36847,587694.30081114
2017-11-02,9.37824,9.52365,9.32888,9.34872,536252.56312216
2017-11-03,9.34872,9.37824,9.14515,9.32888,756004.32465576
2017-11-06,9.34872,9.48515,9.34872,9.41802,1191212.9326355
2017-11-07,9.29058,9.44664,9.28099,9.37824,867262.88445427
2017-11-08,9.12571,9.15987,8.33367,8.5475,2372606.3117669
2017-11-09,8.53288,8.65935,8.32399,8.60091,1117346.4708414
2017-11-10,8.58156,8.61068,8.35805,8.42597,987647.12586192
2017-11-13,8.35805,8.47938,8.33841,8.42597,1071499.2652344
2017-11-14,8.34827,8.44542,8.31915,8.3774,651673.34133913
2017-11-15,8.42597,8.43584,8.09555,8.26081,1202477.9681751
2017-11-16,8.24126,8.42597,8.17344,8.40652,986566.30642836
2017-11-17,8.38717,8.54266,8.29971,8.48432,1681483.5675784
2017-11-20,8.38717,8.47463,8.26081,8.27048,770823.80761082
2017-11-21,8.27048,8.46003,8.27048,8.39685,921918.71779713
2017-11-22,8.42597,8.46596,8.38717,8.46497,672362.87923094
2017-11-24,8.43584,8.56201,8.33841,8.34827,345383.0926
2017-11-27,8.4163,8.4163,8.1539,8.27048,634879.61557618
2017-11-28,8.26081,8.38717,8.21224,8.26081,727581.91370319
2017-11-29,8.21214,8.25103,8.12467,8.20256,813515.66876079
2017-11-30,8.13454,8.26574,8.03721,8.09555,1105778.562752
2017-12-01,8.18292,8.28992,8.03721,8.14422,765451.11194482
2017-12-04,8.08587,8.16366,7.99841,8.01785,640110.49800816
2017-12-05,7.95951,8.02753,7.78942,7.88172,1117296.8362095
2017-12-06,7.80412,7.92061,7.76513,7.76513,918312.60984635
2017-12-07,7.66799,7.79918,7.58052,7.67776,849446.07750303
2017-12-08,7.66799,7.93029,7.66799,7.80412,682036.56769443
2017-12-11,7.79436,7.87195,7.68447,7.71666,908632.84367282
2017-12-12,7.68734,7.71666,7.59019,7.61951,678872.10667244
2017-12-13,7.59019,8.12467,7.59019,8.04697,1016320.748829
2017-12-14,8.04697,8.22931,7.95951,8.0762,998817.95689599
2017-12-15,8.19279,8.20256,7.94974,8.03721,1316450.2255016
2017-12-18,8.13454,8.27533,8.10532,8.22192,834542.51955922
2017-12-19,8.20256,8.28026,8.08972,8.16366,540919.23147307
2017-12-20,8.26081,8.42597,8.17344,8.38717,630036.69363441
2017-12-21,8.3774,8.42597,8.30938,8.39685,436895.17251292
2017-12-22,8.39685,8.49409,8.32882,8.4163,493723.78719131
2017-12-26,8.47463,8.57178,8.42597,8.54266,481202.69157904
2017-12-27,8.44542,8.54266,8.39685,8.43584,534522.44166711
2017-12-28,8.46497,8.58156,8.36763,8.51353,546903.74994871
2017-12-29,8.55243,8.59122,8.4163,8.54266,748560.1428214
2018-01-02,8.64948,8.73694,8.5086,8.68847,971544.23313899
2018-01-03,8.64948,8.70772,8.30454,8.46497,1480472.4249205
2018-01-04,8.44542,8.48432,8.32882,8.43584,1168122.6992821
2018-01-05,8.40652,8.48432,8.26081,8.30938,606612.18622937
2018-01-08,8.36763,8.38717,8.21214,8.24126,841027.43616062
2018-01-09,7.94974,8.03721,7.53185,7.60965,2500964.5087331
2018-01-10,7.67776,7.83335,7.59997,7.71666,1510123.5462507
2018-01-11,7.72624,7.82347,7.70688,7.72624,1301098.9429191
2018-01-12,7.78457,7.91578,7.71666,7.8526,1516207.3339902
2018-01-16,8.22192,9.01888,8.16366,8.98977,3189647.0523447
2018-01-17,8.96054,9.25207,8.92214,9.11603,2151344.2392909
2018-01-18,9.08681,9.19383,8.74671,8.78561,1133311.6021369
2018-01-19,8.82451,8.95078,8.77593,8.82451,639874.48026868
2018-01-22,8.88286,8.97999,8.80506,8.88286,702165.94331186
2018-01-23,8.79519,9.01888,8.76143,8.97999,950375.56910654
2018-01-24,9.14515,9.2267,9.03834,9.17427,1186244.4046865
2018-01-25,9.17427,9.27122,8.6629,8.73694,1355975.5997263
2018-01-26,8.76607,8.92165,8.76607,8.84396,816832.07253351
2018-01-29,8.71759,8.77593,8.43584,8.43584,1349901.9415036
2018-01-30,8.51353,8.53278,8.27048,8.28026,1070484.2876595
2018-01-31,8.32882,8.4551,8.18292,8.40652,1217083.7183274
2018-02-01,8.35805,8.52322,8.28509,8.31915,714775.16571954
2018-02-02,8.19279,8.35805,8.13454,8.14422,1238699.094047
2018-02-05,8.14422,8.23168,8.08587,8.16366,1277857.7797665
2018-02-06,8.10532,8.22684,8.03721,8.0762,1358562.6782955
2018-02-07,8.05675,8.26081,7.96929,8.01785,1369141.9455534
2018-02-08,8.01785,8.19279,8.00808,8.05675,1610345.9975875
2018-02-09,8.03721,8.04214,7.54162,7.63887,2448768.1220489
2018-02-12,7.66799,8.17808,7.66799,8.115,1419866.5134588
2018-02-13,8.1538,8.19279,8.00808,8.06633,713788.55079143
2018-02-14,8.04697,8.61068,8.04697,8.57178,1359466.2311866
2018-02-15,8.62035,8.66429,8.43584,8.57178,847660.24370605
2018-02-16,8.46497,8.63496,8.28026,8.39685,1051421.5501522
2018-02-20,8.23168,8.40179,8.23168,8.23168,812067.14787044
2018-02-21,8.30938,8.39211,8.02753,8.02753,1433662.9152257
2018-02-22,8.06633,8.23168,8.02753,8.09555,771096.29161048
2018-02-23,8.00808,8.25094,7.42504,8.1538,1927498.1271008
2018-02-26,8.25103,8.57178,8.22192,8.55243,1516957.9311788
2018-02-27,8.47463,8.55243,8.20256,8.27048,1539076.7438793
2018-02-28,8.25103,8.31915,8.06633,8.06633,990573.54324109
2018-03-01,7.95951,8.48915,7.95951,8.34827,1283755.1843985
2018-03-02,8.42597,8.49409,8.29971,8.38717,775528.96812526
2018-03-05,8.31915,8.39685,8.17808,8.26081,933325.56657067
2018-03-06,8.39685,8.55243,8.38233,8.43584,732661.86633612
2018-03-07,8.4163,8.4163,8.13454,8.16366,855412.36284857
2018-03-08,8.1538,8.29971,8.04697,8.28992,779978.86481847
2018-03-09,8.21214,8.44542,8.21214,8.30938,529813.22934599
2018-03-12,8.28992,8.50366,8.22182,8.47463,649051.82241311
2018-03-13,8.53288,8.95078,8.49409,8.88286,1365474.0475507
2018-03-14,8.91198,8.98977,8.84396,8.9022,1018974.6822086
2018-03-15,8.78561,8.91198,8.7322,8.79519,694259.85551525
2018-03-16,8.79519,8.87308,8.67861,8.72737,2368156.4150736
2018-03-19,8.70772,8.83409,8.64948,8.78561,831767.03197913
2018-03-20,8.68847,8.79519,8.62035,8.68847,866632.82851454
2018-03-21,8.82451,9.07723,8.78561,9.03834,1048006.8900674
2018-03-22,9.00922,9.05758,8.84396,9.03834,589666.51771568
2018-03-23,9.23262,9.51378,9.14515,9.39828,1273915.3718608
2018-03-26,9.47528,9.51378,9.25207,9.28099,1077833.2520368
2018-03-27,9.18415,9.3734,9.07723,9.3191,1368383.2447514
2018-03-28,9.22295,9.30094,9.13065,9.18415,707336.04864354
2018-03-29,9.18415,9.35858,9.06747,9.32888,793712.4635816
2018-04-02,9.39828,9.57301,9.27122,9.44664,784884.58976388
2018-04-03,9.37824,9.46047,9.24239,9.28099,643098.70543929
2018-04-04,9.35858,9.44664,9.22295,9.26174,533689.79539308
2018-04-05,9.24239,9.32888,9.13548,9.30982,452985.90981581
2018-04-06,9.33874,9.4654,9.32888,9.3884,541502.69163589
2018-04-09,9.3884,9.651,9.30982,9.53353,507352.0389806
2018-04-10,9.66088,9.74182,9.54833,9.71912,619673.18508258
2018-04-11,9.78527,9.97189,9.62238,9.78527,1334015.8204384
2018-04-12,9.74677,9.96194,9.60263,9.8445,780958.38908487
2018-04-13,9.90373,9.97686,9.76157,9.79513,836762.90962331
2018-04-16,9.75664,9.86424,9.651,9.85437,672060.00668114
2018-04-17,9.75664,10.0469,9.729,9.98164,690482.55873196
2018-04-18,10.0212,10.1653,9.83463,9.87411,1285808.4374366
2018-04-19,9.88399,10.0163,9.72406,9.97189,808858.11697491
2018-04-20,9.96194,10.0113,9.8445,9.99159,655228.80170633
2018-04-23,9.87411,9.94325,9.66088,9.88399,829272.13201206
2018-04-24,9.83463,10.0617,9.83463,9.99159,707605.49378818
2018-04-25,9.87411,10.0864,9.7665,9.98164,585732.2134233
2018-04-26,9.91362,10.0173,9.81489,9.86424,395930.39396298
2018-04-27,9.8445,10.1159,9.82475,10.0212,617924.83049746
2018-04-30,9.93334,10.0676,9.87411,9.93334,789983.78847856
2018-05-01,9.90373,9.98164,9.79513,9.96194,537866.19513496
2018-05-02,9.98164,10.2049,9.94325,10.0015,1049308.5329654
2018-05-03,10.1061,10.1455,9.99159,10.0301,426208.53237786
2018-05-04,10.0488,10.1358,9.95308,9.98164,599723.10191102
2018-05-07,9.96194,10.0498,9.91362,9.92343,375540.68976597
2018-05-08,9.92343,10.04,9.8445,10.0015,784448.00759343
2018-05-09,9.96194,10.0962,9.88399,9.99159,1086248.8545242
2018-05-10,10.0488,10.2828,10.0488,10.1358,971405.45875999
2018-05-11,10.2739,11.119,10.1455,10.5355,2135164.362241
2018-05-14,10.5454,10.5652,10.0815,10.2828,959439.46066373
2018-05-15,10.2344,10.2641,10.0113,10.0962,684612.50379522
2018-05-16,10.1455,10.2049,9.94325,9.98164,716394.87544239
2018-05-17,10.0113,10.0696,9.85437,9.95308,498307.39350516
2018-05-18,9.92343,10.0578,9.86523,9.98164,804178.28025227
2018-05-21,9.98164,10.0864,9.94819,10.0113,532491.47356562
2018-05-22,10.0301,10.1455,9.97686,9.99159,519625.97438502
2018-05-23,9.93334,10.2444,9.88497,10.2049,485452.02384128
2018-05-24,10.2739,10.4083,10.2344,10.3885,649453.96422672
2018-05-25,10.3124,10.3589,10.2294,10.3124,616095.4397786
2018-05-29,10.0015,10.195,9.98164,10.0765,794149.04575205
2018-05-30,10.0765,10.1653,9.99159,10.0666,479493.84210911
2018-05-31,10.1159,10.1358,9.94325,9.94325,387493.51949049
2018-06-01,9.96194,10.0962,9.85437,10.0015,513349.72582797
2018-06-04,10.0666,10.0962,9.92343,9.96194,580442.57979437
2018-06-05,9.98164,10.0449,9.93334,9.99159,333482.93636241
2018-06-06,9.97189,10.1653,9.97189,10.1455,382498.65479798
2018-06-07,10.1258,10.195,9.98164,10.0666,362845.36646618
2018-06-08,10.0301,10.0765,9.97189,10.0113,274010.51782122
2018-06-11,10.0113,10.1653,9.96194,10.0488,404867.66656125
2018-06-12,10.0765,10.0903,9.82475,10.0488,451743.01811479
2018-06-13,10.0666,10.1703,9.98164,10.1061,464124.32639638
2018-06-14,10.1555,10.3933,10.1555,10.3786,905303.27152838
2018-06-15,10.3026,10.5454,10.2147,10.3124,2882322.5799489
2018-06-18,10.2444,10.3213,10.1159,10.185,555440.90663669
2018-06-19,10.04,10.1455,9.35858,9.39828,1669425.3908801
2018-06-20,9.43678,9.54833,9.3191,9.32888,708863.57976426
2018-06-21,9.34872,9.53353,9.20339,9.52365,723814.74643664
2018-06-22,9.53353,9.68556,9.4654,9.64113,539821.1918611
2018-06-25,9.60263,9.74677,9.49503,9.58289,587695.31376281
2018-06-26,9.52365,9.63125,9.48515,9.53353,360271.45626872
2018-06-27,9.56315,9.59275,9.4279,9.43678,539946.79786836
2018-06-28,9.43678,9.56315,9.3734,9.41802,565807.45404353
2018-06-29,9.48515,9.66088,9.43678,9.59275,353472.52464916
2018-07-02,9.57301,9.67075,9.37824,9.55327,297707.50922591
2018-07-03,9.651,9.91362,9.651,9.86424,332991.6548017
2018-07-05,9.97189,10.0488,9.91362,10.0113,537705.13581919
2018-07-06,9.98164,10.0815,9.96194,9.99159,553847.53365732
2018-07-09,10.0212,10.0765,9.85437,9.87411,510627.92468646
2018-07-10,9.75664,9.97189,9.71912,9.91362,370175.08476166
2018-07-11,9.78527,9.96194,9.70432,9.729,541340.61936845
2018-07-12,9.75664,9.91362,9.73689,9.75664,323748.47079863
2018-07-13,9.66088,9.96194,9.58289,9.73689,287746.14248771
2018-07-16,9.7665,9.97189,9.74677,9.81489,374756.66517217
2018-07-17,9.67964,9.96194,9.67075,9.805,692427.42594138
2018-07-18,9.77638,10.0301,9.75664,9.98164,688346.24365663
2018-07-19,9.77638,10.195,9.77638,9.94325,724448.85418303
2018-07-20,9.99159,10.1061,9.90373,10.0864,781998.69045158
2018-07-23,10.0212,10.0932,9.805,9.85437,640021.35826107
2018-07-24,9.82475,10.1555,9.73689,10.1159,905478.51216756
2018-07-25,10.1752,10.4862,10.1358,10.3312,873684.99805201
2018-07-26,10.2828,10.4912,10.2541,10.3312,1128559.8458456
2018-07-27,10.3213,10.4181,10.0015,10.0301,745134.34026816
2018-07-30,10.0488,10.1061,9.92154,9.99159,508846.14269617
2018-07-31,10.0113,10.2049,9.98164,10.1159,413600.32292184
2018-08-01,10.0578,10.1653,10.0113,10.0765,815192.10377723
2018-08-02,10.0113,10.1989,10.0113,10.04,514289.74497919
2018-08-03,10.1752,10.2739,10.0578,10.0666,549443.21978933
2018-08-06,10.0212,10.1555,9.95308,9.96194,257941.05250344
2018-08-07,10.0015,10.2444,9.89386,9.90373,622773.83014926
2018-08-08,9.91362,9.96194,9.6895,9.87411,646534.63750925
2018-08-09,9.8445,10.0113,9.75664,9.805,723673.94615429
2018-08-10,10.0113,10.6314,9.92343,9.98164,1210700.0968932
2018-08-13,9.99159,9.99159,9.35858,9.37824,1155507.3991644
2018-08-14,9.43678,9.43678,8.99934,9.13548,889569.09321388
2018-08-15,8.96054,8.98977,8.57178,8.58156,1317168.4082369
2018-08-16,8.67861,8.75649,8.15874,8.18292,1537039.6980677
2018-08-17,8.20256,8.55243,8.10532,8.46497,1608840.7514036
2018-08-20,8.50366,8.56201,8.32882,8.47463,550724.60365386
2018-08-21,8.47463,8.57178,8.30938,8.48432,556319.13573594
2018-08-22,8.51353,8.55243,8.38717,8.50366,337807.22704833
2018-08-23,8.3774,8.4163,8.19684,8.26081,855266.49780786
2018-08-24,8.25103,8.71759,8.23168,8.65935,661350.06865763
2018-08-27,8.74671,8.89253,8.66892,8.88286,529046.42493062
2018-08-28,8.97032,9.02847,8.62035,8.71759,420756.82648149
2018-08-29,8.68847,8.70772,8.48915,8.59122,363682.06454691
2018-08-30,8.56201,8.56201,8.36763,8.43584,306660.98905092
2018-08-31,8.48432,8.54266,8.44542,8.4551,250290.22852807
2018-09-04,8.33841,8.33841,8.04697,8.15874,977476.0781277
2018-09-05,8.17344,8.20256,7.88172,8.02753,435948.06270001
2018-09-06,8.115,8.12467,7.91095,8.01785,715502.46501973
2018-09-07,7.94974,8.29971,7.93029,8.08587,579579.54497019
2018-09-10,8.06633,8.29971,7.90116,8.16366,599580.27572533
2018-09-11,8.0762,8.24126,8.01785,8.17344,494173.53773349
2018-09-12,8.17344,8.53288,8.115,8.4551,718262.75832476
2018-09-13,8.54266,8.56201,8.32882,8.43584,470071.36566017
2018-09-14,8.38717,8.53288,8.3774,8.46497,513177.52404381
2018-09-17,8.52322,8.72737,8.3774,8.60091,952936.31093226
2018-09-18,8.60091,8.72253,8.52814,8.61068,604032.19832188
2018-09-19,8.66892,8.9557,8.65935,8.84396,566218.71242219
2018-09-20,8.91198,9.01888,8.80506,8.94109,596724.76496318
2018-09-21,8.79519,8.91681,8.67465,8.72737,1739716.1332736
2018-09-24,8.67861,8.97999,8.66892,8.75649,762258.28827603
2018-09-25,8.84396,8.92165,8.69814,8.70772,466768.13025918
2018-09-26,8.71759,8.71759,8.48432,8.49409,615730.77717684
2018-09-27,8.44542,8.47463,8.19279,8.33841,822703.14042192
2018-09-28,8.3774,8.62035,8.36763,8.46497,614114.10630901
2018-10-01,8.46497,8.54266,8.3774,8.47463,425945.16494326
2018-10-02,8.61068,8.82925,8.59122,8.76607,649043.71879973
2018-10-03,8.75649,8.87308,8.64948,8.67861,662554.46819513
2018-10-04,8.67861,8.82451,8.61068,8.63991,451515.10398868
2018-10-05,8.64948,8.84396,8.61068,8.65935,562935.73605464
2018-10-08,8.51353,8.86321,8.40652,8.85373,697764.66829888
2018-10-09,8.73694,8.83409,8.58156,8.62035,622517.55337635
2018-10-10,8.61068,8.77593,8.4551,8.75649,669839.61661705
2018-10-11,8.85373,9.20339,8.67861,9.15493,1218002.4654935
2018-10-12,9.83463,10.3687,9.54339,10.2828,2605312.7122282
2018-10-15,10.2927,10.5947,10.2927,10.3499,1173829.6689997
2018-10-16,10.5355,10.6411,10.2641,10.3885,857293.41410268
2018-10-17,10.3885,10.6609,10.3589,10.4565,865017.1705984
2018-10-18,10.3786,10.6116,10.3312,10.4862,854450.05876058
2018-10-19,10.5257,10.6116,10.4467,10.6047,1176619.3379033
2018-10-22,10.5257,10.6116,10.3836,10.5158,505319.04497577
2018-10-23,10.6214,10.7389,10.3026,10.3687,947910.04473793
2018-10-24,10.3499,10.428,10.195,10.2739,776487.22040656
2018-10-25,10.2739,10.2828,9.805,9.8445,1273359.2613931
2018-10-26,9.92343,10.1455,9.805,9.83463,842589.40763818
2018-10-29,9.81489,9.96194,9.64113,9.6895,601381.30379738
2018-10-30,9.67964,9.86424,9.56315,9.75664,667406.50670194
2018-10-31,9.6125,9.67075,9.43678,9.51378,1090665.3238122
2018-11-01,9.67075,9.95308,9.64113,9.86424,692080.99646971
2018-11-02,9.79513,9.92343,9.62238,9.6895,878061.96222486
2018-11-05,9.651,9.87411,9.59275,9.805,713120.0026882
2018-11-06,9.82475,9.93334,9.77145,9.85437,676258.69135979
2018-11-07,9.94325,9.94325,9.58289,9.60263,883450.86511761
2018-11-08,9.57301,9.59275,9.39828,9.45553,977374.78296054
2018-11-09,9.49503,10.185,9.37824,10.1258,1435513.5779296
2018-11-12,10.1653,10.5553,10.04,10.4961,1287473.7299848
2018-11-13,10.3983,10.6047,10.3213,10.428,1091617.4983835
2018-11-14,10.2828,10.575,10.2541,10.5059,672741.7231561
2018-11-15,10.5257,10.6559,10.3885,10.575,667374.09224845
2018-11-16,10.6698,10.8565,10.575,10.7883,799907.67600492
2018-11-19,10.6511,10.9718,10.6314,10.8366,742371.00810811
2018-11-20,10.8465,10.8465,10.4131,10.575,705158.20254967
2018-11-21,10.4083,10.9808,10.4083,10.8662,619872.73656188
2018-11-23,10.7488,10.9037,10.6087,10.6994,265490.58131166
2018-11-26,10.6047,10.9521,10.4545,10.4665,484059.21529287
2018-11-27,10.6047,10.6047,10.1159,10.1653,683867.98431662
2018-11-28,10.0488,10.5947,9.92343,10.5652,603649.30259003
2018-11-29,10.5553,10.7488,10.4467,10.4467,447465.32320576
2018-11-30,10.6214,10.6214,10.195,10.3401,389347.22104946
2018-12-03,10.4368,10.5652,10.3026,10.4665,459387.76438013
2018-12-04,10.9718,10.9718,10.3401,10.3983,600540.55390998
2018-12-06,10.729,10.729,10.3401,10.4467,988271.10409162
2018-12-07,10.5454,10.881,10.4467,10.6896,1146488.0774806
2018-12-10,10.7883,10.8949,10.6214,10.729,909144.38426696
2018-12-11,10.7982,10.8565,10.5849,10.6214,485015.44167083
2018-12-12,10.5454,11.109,10.5454,11.0696,859193.71143854
2018-12-13,11.0499,11.4487,11.04,11.3411,1017308.3767088
2018-12-14,11.1288,11.2542,10.7389,11.1673,1216687.6542238
2018-12-17,11.195,11.3708,11.0993,11.3311,1133005.6907321
2018-12-18,11.3411,11.6324,11.3017,11.5267,1769058.304344
2018-12-19,11.5929,12.0016,11.1772,11.1872,1593348.6685386
2018-12-20,11.4389,11.5849,11.2395,11.4586,1224036.618601
2018-12-21,11.8476,11.8476,11.2049,11.4684,2847124.5352652
2018-12-24,11.4684,11.8772,11.4684,11.8772,1097030.7121164
2018-12-26,11.9729,12.0608,11.4003,11.5465,812140.08039079
2018-12-27,11.5465,11.8377,11.3954,11.5929,900237.50021886
2018-12-28,11.6126,11.6609,11.43,11.4389,888196.54369891
2018-12-31,11.4586,11.7785,11.3608,11.7498,1370922.7145921
2019-01-02,11.7301,11.887,11.5752,11.7014,616186.60542904
2019-01-03,11.7883,12.1042,11.6817,12.0608,987624.84092515
2019-01-04,11.9917,12.0608,11.6619,11.9917,913941.72338352
2019-01-07,12.1091,12.1091,11.7448,11.8377,730495.16271064
2019-01-08,11.7785,12.0164,11.6718,11.9345,709269.77338456
2019-01-09,11.9147,12.3036,11.89,12.2938,1458702.0675952
2019-01-10,12.2552,12.2652,11.9917,12.0697,900221.29299211
2019-01-11,12.1091,12.3422,12.0016,12.0213,881845.33671818
2019-01-14,12.1091,12.1091,11.8476,12.0016,636344.34369327
2019-01-15,12.0894,12.0894,11.4783,11.7114,1180394.6087832
2019-01-16,11.6422,12.0411,11.6422,11.818,859764.00322964
2019-01-17,11.808,11.9729,11.7597,11.8476,700143.07882372
2019-01-18,11.6619,11.7201,11.273,11.3017,1089542.9733601
2019-01-22,11.5267,11.5465,11.273,11.497,823422.33610873
2019-01-23,11.5562,11.7568,11.4003,11.5752,475051.03607761
2019-01-24,11.5365,11.7201,11.4873,11.6915,351116.39906109
2019-01-25,11.8377,12.2365,11.7696,12.198,893901.48751319
2019-01-28,12.129,12.4793,12.0548,12.4596,1334785.6637087
2019-01-29,12.5564,12.9937,12.5277,12.9444,1136050.6234569
2019-01-30,12.8772,13.3639,12.7755,13.2553,1318725.3149561
2019-01-31,13.3541,13.5565,13.2553,13.3343,1323225.8592329
2019-02-01,13.3343,13.4023,13.043,13.3826,858715.59824955
2019-02-04,13.1981,13.6057,13.1981,13.4795,870735.2827844
2019-02-05,13.3826,13.5959,13.3826,13.5762,663491.44849133
2019-02-06,13.432,13.7016,13.3926,13.4271,661143.42651662
2019-02-07,13.3926,13.4795,13.2751,13.3541,566098.17117328
2019-02-08,13.3639,13.7233,13.2948,13.6157,550396.40731227
2019-02-11,13.4695,13.7084,13.4232,13.4606,508087.44189417
2019-02-12,13.5762,13.6077,13.0233,13.1388,818949.14152708
2019-02-13,13.0826,13.3728,13.0826,13.1488,516144.45948983
2019-02-14,13.1585,13.3728,13.043,13.3639,551914.82186796
2019-02-15,13.4606,13.6739,13.3392,13.6641,673621.97815869
2019-02-19,13.743,13.7864,13.5762,13.6838,1404831.2717978
2019-02-20,13.7134,13.8585,13.4419,13.5179,1242531.0902206
2019-02-21,13.4508,13.7529,13.3728,13.7331,1314134.6179805
2019-02-22,13.6057,14.7431,13.6057,13.9849,1924035.8582875
2019-02-25,13.9651,14.2465,13.8298,13.9454,939103.44290531
2019-02-26,13.8772,14.1113,13.4695,13.8872,665935.70087483
2019-02-27,13.8487,13.8872,13.5091,13.6443,859535.07615186
2019-02-28,13.6443,13.6838,13.4222,13.5091,513027.6071964
2019-03-01,13.3442,13.4795,12.9769,13.0233,938317.39240817
2019-03-04,12.8575,13.0382,12.6826,12.9839,797524.20072172
2019-03-05,12.9444,13.1981,12.9257,13.1981,474388.5656844
2019-03-06,13.1882,13.2652,13.043,13.0529,470691.29208316
2019-03-07,13.0332,13.5762,12.9641,13.4795,946323.76242026
2019-03-08,13.7617,13.9651,13.5179,13.9355,1413783.7386711
2019-03-11,13.9168,13.9355,13.7233,13.8772,716685.59257213
2019-03-12,13.9256,14.2129,13.9256,14.1981,832677.67553186
2019-03-13,13.6057,13.6057,12.9937,13.3047,4314233.0887828
2019-03-14,13.1585,13.2129,12.6245,12.6344,3317651.7291776
2019-03-15,12.7508,12.8772,12.504,12.6826,3355459.1373672
2019-03-18,12.6826,12.8002,12.3806,12.3905,1310376.5672789
2019-03-19,12.6047,12.6344,12.3905,12.4103,762510.51324225
2019-03-20,12.4103,12.7706,12.1091,12.6729,1069181.63181
2019-03-21,12.6926,12.8002,12.352,12.4695,928592.04340943
2019-03-22,12.4793,12.8101,12.4398,12.6926,901700.2024326
2019-03-25,12.7311,13.3728,12.7113,13.2751,1624083.6481573
2019-03-26,13.2079,13.2454,12.9157,13.2079,945024.14542563
2019-03-27,13.1685,13.2454,12.8002,12.819,667391.31242687
2019-03-28,12.6926,12.6926,12.2454,12.3609,1091324.7553504
2019-03-29,12.4892,12.4892,12.2889,12.3036,509170.28723107
2019-04-01,12.3036,12.3136,11.8277,11.9729,1547740.5195261
2019-04-02,11.808,12.0016,11.4487,11.7201,1421064.8352863
2019-04-03,11.74,11.9246,11.6422,11.6817,709128.97310222
2019-04-04,11.5929,11.9611,11.43,11.9345,935434.53195088
2019-04-05,11.9058,11.9246,11.7201,11.7597,423464.44629959
2019-04-08,11.9829,12.119,11.8772,12.0993,768720.91994064
2019-04-09,12.1585,12.274,12.0795,12.198,510088.02144552
2019-04-10,12.1684,12.2167,11.7597,11.7785,368082.3266082
2019-04-11,11.6915,12.2552,11.6126,12.1783,950459.64409527
2019-04-12,12.1783,12.1783,11.8772,11.9019,499468.23612079
2019-04-15,11.8277,11.9779,11.7696,11.9443,511284.31736964
2019-04-16,11.7983,11.8574,11.5752,11.5752,540325.64179354
2019-04-17,11.6126,11.7014,11.195,11.4201,831685.9958454
2019-04-18,11.4684,11.5168,11.2542,11.4003,543304.73265962
2019-04-22,11.43,11.4684,11.2049,11.2345,792522.24536751
2019-04-23,11.1772,11.2829,11.0993,11.2444,704801.64356127
2019-04-24,11.2444,11.6422,11.2148,11.4684,864992.85975827
2019-04-25,11.4487,11.6817,11.3214,11.3905,488181.92859615
2019-04-26,11.497,11.7201,11.4873,11.6274,432393.61528447
2019-04-29,11.5662,11.6422,11.1772,11.2444,689126.21644373
2019-04-30,11.2542,11.3608,11.0499,11.2148,1344878.7141643
2019-05-01,11.2148,11.4103,10.9571,11.1288,835501.78479221
2019-05-02,11.0104,11.0637,10.8169,10.886,1186598.9377715
2019-05-03,11.0104,11.0943,10.7982,10.808,518431.70436424
2019-05-06,10.7883,11.0005,10.729,10.8565,470079.46927354
2019-05-07,10.9137,11.195,10.808,11.1387,1145935.005868
2019-05-08,11.1585,11.1585,10.7389,10.8169,732259.72452251
2019-05-09,10.8662,10.9571,10.729,10.7883,839297.31470558
2019-05-10,10.8169,10.8366,10.4083,10.428,1066321.0562894
2019-05-13,10.6116,10.9137,10.5355,10.8949,1187895.5159111
2019-05-14,10.8662,10.9571,10.6314,10.6609,693740.21130773
2019-05-15,10.7389,10.8366,10.6609,10.7685,561680.68893357
2019-05-16,10.7192,10.7192,10.5405,10.5947,815002.68181466
2019-05-17,10.6047,10.6994,10.5454,10.6511,744338.1602543
2019-05-20,10.6411,10.6511,10.5385,10.5652,270256.51892639
2019-05-21,10.4762,10.7586,10.3923,10.7093,930544.00128055
2019-05-22,10.7389,10.7488,10.2927,10.3213,694093.73144112
2019-05-23,10.3589,10.734,10.3124,10.5257,970373.26100666
2019-05-24,10.5257,10.6698,10.4368,10.6698,689529.37120902
2019-05-28,10.5947,10.8465,10.4862,10.8318,919695.28887804
2019-05-29,10.886,10.886,10.6314,10.6698,653510.83567136
2019-05-30,10.6994,10.9907,10.6698,10.9521,528705.06021729
2019-05-31,11.0301,11.4003,10.9907,11.3511,1395137.3243008
2019-06-03,11.5662,11.7548,11.3411,11.6619,1206534.8396197
2019-06-04,11.4783,11.7785,11.4389,11.7597,992521.44930551
2019-06-05,11.9729,12.0311,11.507,11.5752,1268350.2153772
2019-06-06,11.6521,11.6718,11.4527,11.5929,570938.05426004
2019-06-07,11.6915,11.7883,11.5218,11.6225,787956.87218375
2019-06-10,11.4103,11.5465,11.3114,11.4586,959501.2507157
2019-06-11,11.0893,11.6126,11.0893,11.5662,632846.62157134
2019-06-12,11.6718,12.0697,11.6718,11.9246,1218765.2181022
2019-06-13,11.9532,12.5277,11.9532,12.3708,3116707.44133
2019-06-14,12.5949,12.6629,12.1487,12.3136,1301557.8100262
2019-06-17,12.3708,12.4793,12.0993,12.3136,925178.39627625
2019-06-18,12.4498,12.6047,12.3036,12.4004,1090156.8220731
2019-06-19,12.2938,12.6245,12.2552,12.6047,732015.60316966
2019-06-20,12.9839,13.2355,12.6926,13.1388,2336507.7530471
2019-06-21,13.1388,13.2079,12.8772,13.0233,1349996.146009
2019-06-24,13.1882,13.5465,12.9344,13.5278,1411018.3806077
2019-06-25,13.5662,13.7331,13.0036,13.4508,2028491.4346597
2019-06-26,13.2168,13.432,13.0629,13.2079,1256616.1832137
2019-06-27,13.2079,13.2553,13.0233,13.1388,1687600.7827231
2019-06-28,13.1882,13.3392,13.0529,13.285,847203.40250218
2019-07-01,12.9937,13.0629,12.585,12.7213,998003.54375204
2019-07-02,12.819,13.2129,12.6826,13.1685,909760.25888329
2019-07-03,13.2168,13.3639,13.0915,13.1783,612759.78992412
2019-07-05,12.8476,12.8772,12.6047,12.8476,1244813.2703366
2019-07-08,12.8772,12.887,12.5188,12.6926,890859.59364348
2019-07-09,12.6532,12.8772,12.6245,12.8575,650086.04606978
2019-07-10,13.0915,13.2257,12.9542,13.2257,797865.56543504
2019-07-11,13.1685,13.4222,13.1102,13.2079,935821.47948942
2019-07-12,13.2751,13.6443,13.2355,13.586,943823.79769482
2019-07-15,13.586,13.6641,13.4597,13.5662,661510.11502174
2019-07-16,13.5278,13.82,13.3926,13.6443,1055454.1107567
2019-07-17,13.7233,14.4805,13.7035,14.4518,1768895.2191248
2019-07-18,14.4518,15.36,14.3551,15.2969,4031780.6317307
2019-07-19,15.1616,15.6562,15.1024,15.4134,2870494.3432799
2019-07-22,15.521,15.5308,15.1321,15.3639,1516870.8173351
2019-07-23,15.4134,15.6957,15.0382,15.3057,1274070.3534665
2019-07-24,15.4528,15.7836,15.3552,15.5783,1142788.7779762
2019-07-25,15.5783,15.6078,15.288,15.3255,835217.14537249
2019-07-26,15.4331,15.5012,15.288,15.4628,652656.91741222
2019-07-29,15.5012,15.7935,15.3255,15.7836,1050571.6836998
2019-07-30,15.8408,16.3077,15.8132,16.0856,1715859.0955048
2019-07-31,15.9771,16.0659,14.9267,14.9682,2668686.0076566
2019-08-01,14.6266,15.982,14.4153,15.9188,2247104.6385145
2019-08-02,15.8498,16.1053,15.6078,15.8132,966692.19463217
2019-08-05,16.2485,16.6681,16.0659,16.1607,1913955.9762036
2019-08-06,16.1705,16.4923,15.7836,16.2683,911869.2242635
2019-08-07,16.823,17.065,16.2002,16.2199,1654046.7586024
2019-08-08,15.9574,16.6335,15.8498,16.4243,1540303.4283535
2019-08-09,16.444,16.599,15.7836,15.9474,1737020.6688756
2019-08-12,15.987,16.3274,15.7836,15.7935,1354014.5252902
2019-08-13,16.1242,16.1242,14.899,15.4528,1389254.1009924
2019-08-14,15.7056,15.7431,15.2397,15.2594,1174230.7978617
2019-08-15,15.2594,15.7836,15.0925,15.7736,1012772.3791236
2019-08-16,15.5506,15.5881,14.909,15.1518,1496676.6128106
2019-08-19,14.8694,15.1024,14.4706,14.831,1328907.5051587
2019-08-20,14.9682,15.5693,14.9682,15.2969,1081875.942158
2019-08-21,15.1903,15.443,15.1518,15.2683,762173.20033562
2019-08-22,15.1803,15.443,15.0925,15.1024,696185.4766429
2019-08-23,15.2494,16.2585,15.1321,16.2288,2102566.5644982
2019-08-26,16.3571,16.4154,15.6759,15.8033,934030.58093409
2019-08-27,15.8695,16.7254,15.8132,16.5111,1354656.7366498
2019-08-28,16.5695,16.7649,16.1183,16.4243,805354.31714296
2019-08-29,16.3966,16.4923,15.6957,15.8793,907805.26215715
2019-08-30,15.8231,16.1518,15.7539,15.9574,515415.1342863
2019-09-03,16.2101,16.833,16.1153,16.521,1867796.7814819
2019-09-04,16.521,16.6977,16.2683,16.5695,1101228.3838434
2019-09-05,16.367,16.367,15.3639,15.6759,1755634.6687924
2019-09-06,15.6078,15.8892,15.1122,15.1321,1138022.8403615
2019-09-09,15.1418,15.1923,14.3748,14.5683,1234954.2117173
2019-09-10,14.7134,15.0827,14.6068,14.7815,1405962.7388149
2019-09-11,14.8111,15.0333,14.4617,14.5683,1471098.5701519
2019-09-12,14.7519,14.9769,14.1646,14.1981,1823253.2446763
2019-09-13,14.2465,14.5535,13.7913,13.8101,1462416.5613748
2019-09-16,14.0539,14.1507,13.7529,13.9947,1226678.3965605
2019-09-17,14.0826,14.3837,13.9711,14.2178,791498.15122756
2019-09-18,14.2268,14.3354,13.4222,13.7529,1514314.127316
2019-09-19,13.8487,14.2859,13.8398,14.2178,1139950.4873925
2019-09-20,14.208,14.5288,13.9454,14.5003,1710317.2369097
2019-09-23,14.7134,15.0629,14.4518,15.0333,2125442.0520973
2019-09-24,14.9187,15.4528,14.7134,15.4183,1423982.1361005
2019-09-25,15.3552,15.4036,14.7331,14.9859,1389021.1221079
2019-09-26,15.0432,15.1715,14.7815,14.8408,1093621.1167898
2019-09-27,14.51,14.821,14.2178,14.5782,1046163.3180251
2019-09-30,14.2564,14.6266,13.9256,14.1113,1300400.0062657
2019-10-01,14.0047,14.593,13.9947,14.1981,1345924.0802894
2019-10-02,14.5003,14.6068,14.2959,14.4805,883232.06755655
2019-10-03,14.4805,15.1024,14.3926,14.7568,1262744.5408267
2019-10-04,14.6661,14.9385,14.4459,14.8843,624609.29857814
2019-10-07,14.7519,14.9859,14.588,14.6463,543519.47841399
2019-10-08,14.909,15.1518,14.7519,15.1418,632579.20233005
2019-10-09,15.0925,15.1518,14.6562,14.8408,708233.52382455
2019-10-10,14.8111,15.3156,14.6937,15.2494,1153440.9777543
2019-10-11,15.0234,15.1024,13.8822,13.9552,2446846.5527279
2019-10-14,14.0144,14.3698,13.8298,14.1952,838051.38414954
2019-10-15,14.0728,14.1013,13.6157,13.6255,2143327.7397621
2019-10-16,13.7233,13.8772,13.5565,13.8772,842768.70008403
2019-10-17,13.7617,14.3354,13.7529,14.2366,851539.84860816
2019-10-18,14.208,14.4173,14.0047,14.1902,922418.10297122
2019-10-21,14.2268,14.3354,13.7134,13.7617,681272.80213406
2019-10-22,13.8298,14.0342,13.6057,13.8685,786568.11544203
2019-10-23,13.8969,13.975,13.7331,13.8585,592934.29980816
2019-10-24,13.8969,14.2959,13.8969,14.2762,1005912.6704037
2019-10-25,14.5979,14.6365,14.0728,14.2564,834837.28849565
2019-10-28,14.1113,14.1113,13.6641,13.8101,944865.11201319
2019-10-29,13.6838,14.1409,13.5959,13.9552,854355.85425513
2019-10-30,14.0441,14.208,13.7913,14.208,606458.21757528
2019-10-31,14.4617,14.51,14.0539,14.3748,1146031.2362769
2019-11-01,14.2564,14.2959,13.9069,14.1507,966150.26548788
2019-11-04,14.0925,14.1902,13.8822,13.9168,682895.55071191
2019-11-05,13.6255,13.7331,13.1388,13.5091,1537633.2877472
2019-11-06,13.9454,14.6759,13.8487,14.5782,1563896.085736
2019-11-07,14.3254,14.6365,13.9256,13.9256,1715584.5856019
2019-11-08,13.7134,14.3057,13.6541,14.1013,1002434.1943635
2019-11-11,13.9947,14.2268,13.9118,14.0876,1007904.13339
2019-11-12,14.1013,14.3254,13.8398,14.2959,862399.70347905
2019-11-13,14.6562,14.7331,14.442,14.5979,1102356.8120054
2019-11-14,14.6166,14.821,14.4953,14.6562,1442693.3793777
2019-11-15,14.4518,14.6937,14.4518,14.4706,483902.20778378
2019-11-18,14.4221,14.7431,14.4124,14.7431,617207.66071399
2019-11-19,14.6463,15.0481,14.6365,14.7331,607902.68665895
2019-11-20,14.7234,15.0531,14.7134,14.899,452760.02159305
2019-11-21,14.8694,14.9769,14.4617,14.4617,602717.38705218
2019-11-22,14.5486,14.588,14.2515,14.2859,417840.53861903
2019-11-25,14.0826,14.4805,14.0826,14.1803,562518.39996594
2019-11-26,14.2366,14.8596,14.1211,14.8111,859336.53762423
2019-11-27,14.6759,14.8457,14.6266,14.8013,653773.19015429
2019-11-29,14.831,15.2594,14.7717,15.22,827934.02285391
2019-12-02,15.0728,15.4825,15.0629,15.4528,1471197.8394157
2019-12-03,15.6759,16.2288,15.598,16.2288,1637491.0764822
2019-12-04,16.1153,16.5595,16.0659,16.367,1147742.1116501
2019-12-05,16.3374,16.7649,16.2979,16.7154,1282429.2306604
2019-12-06,16.4154,16.4539,16.0956,16.1242,1013011.435718
2019-12-09,16.2101,16.293,16.0176,16.1558,598970.47881905
2019-12-10,16.1705,16.288,16.059,16.2002,593059.90581544
2019-12-11,16.2101,16.2782,15.9524,16.1705,1159923.8684524
2019-12-12,16.4243,16.4637,15.9188,16.0759,859303.11021907
2019-12-13,15.9671,16.4056,15.9474,16.367,1519367.7432054
2019-12-16,16.3374,16.6287,16.1705,16.2199,1565711.2951314
2019-12-17,16.1518,16.3227,16.0659,16.0856,723499.71846678
2019-12-18,15.9474,16.132,15.8695,16.1153,1227944.5861499
2019-12-19,16.1903,16.2585,15.8033,16.2485,2305279.4659644
2019-12-20,16.2782,16.3571,15.9968,16.0956,2059190.9609699
2019-12-23,16.1518,17.066,16.0659,17.0561,2370344.3906843
2019-12-24,17.1824,17.8725,17.1627,17.8725,1216639.0325435
2019-12-26,18.1055,18.4165,17.99,18.2713,1227923.3141648
2019-12-27,18.1538,18.3976,18.0285,18.1144,1928935.5055229
2019-12-30,18.1924,18.7067,17.9436,18.6603,1545671.0592612
